timestamp,Temperature_C,Flow_Rate_L_s,Pressure_kPa
0,30,0.0375,275.7904
1,30,0.0875,275.7904
2,30,0.125,275.7904
3,30,0.1625,275.7904
4,30,0.2125,275.7904
5,30,0.25,275.7904
6,30,0.2875,275.7904
7,30,0.3375,275.7904
8,30,0.375,275.7904
9,30,0.4125,275.7904
10,30,0.4625,275.7904
11,30,0.5,282.68516
12,30,0.55,282.68516
13,30,0.5875,282.68516
14,30,0.625,282.68516
15,30,0.675,282.68516
16,31,0.7125,282.68516
17,31,0.75,282.68516
18,31,0.8,282.68516
19,31,0.8375,282.68516
20,31,0.8875,282.68516
21,31,0.925,282.68516
22,31,0.975,289.57992
23,31,1.0125,289.57992
24,31,1.05,289.57992
25,31,1.1,289.57992
26,31,1.1375,289.57992
27,31,1.1875,289.57992
28,31,1.225,289.57992
29,31,1.275,289.57992
30,31,1.3125,289.57992
31,31,1.35,289.57992
32,31,1.4,289.57992
33,31,1.4375,289.57992
34,31,1.4875,289.57992
35,31,1.525,289.57992
36,31,1.575,289.57992
37,31,1.6125,289.57992
38,31,1.6625,289.57992
39,31,1.7,289.57992
40,31,1.75,289.57992
41,31,1.7875,289.57992
42,31,1.8375,289.57992
43,31,1.875,289.57992
44,31,1.925,289.57992
45,31,1.9625,289.57992
46,31,2.0125,289.57992
47,31,2.05,289.57992
48,31,2.1,289.57992
49,31,2.1375,289.57992
50,31,2.1875,289.57992
51,31,2.225,289.57992
52,31,2.275,289.57992
53,31,2.3125,289.57992
54,31,2.3625,289.57992
55,31,2.4,289.57992
56,31,2.45,289.57992
57,31,2.5,289.57992
58,31,2.5375,289.57992
59,31,2.5875,289.57992
60,31,2.625,289.57992
61,31,2.675,289.57992
62,31,2.7125,289.57992
63,31,2.7625,289.57992
64,31,2.8,289.57992
65,31,2.85,289.57992
66,31,2.9,289.57992
67,31,2.9375,289.57992
68,31,2.9875,289.57992
69,31,3.025,289.57992
70,31,3.075,289.57992
71,31,3.1125,289.57992
72,31,3.1625,289.57992
73,31,3.2125,282.68516
74,31,3.25,282.68516
75,31,3.3,282.68516
76,31,3.3375,282.68516
77,31,3.3875,282.68516
78,31,3.4375,282.68516
79,30,3.475,282.68516
80,30,3.525,282.68516
81,30,3.5625,282.68516
82,30,3.6125,282.68516
83,30,3.65,282.68516
84,30,3.7,282.68516
85,30,3.75,275.7904
86,30,3.7875,275.7904
87,30,3.8375,275.7904
88,30,3.875,275.7904
89,30,3.925,275.7904
90,30,3.975,275.7904
91,30,4.0125,275.7904
92,30,4.0625,275.7904
93,30,4.1,275.7904
94,30,4.15,275.7904
95,29,4.2,268.89564
96,29,4.2375,268.89564
97,29,4.2875,268.89564
98,29,4.325,268.89564
99,29,4.375,268.89564
100,29,4.4125,268.89564
101,29,4.4625,268.89564
102,29,4.5125,268.89564
103,29,4.55,268.89564
104,29,4.6,268.89564
105,29,4.6375,262.00088
106,29,4.6875,262.00088
107,29,4.7375,262.00088
108,29,4.775,262.00088
109,29,4.825,262.00088
110,28,4.8625,262.00088
111,28,4.9125,262.00088
112,28,4.95,262.00088
113,28,5,262.00088
114,28,5.05,262.00088
115,28,5.0875,262.00088
116,28,5.1375,262.00088
117,28,5.175,255.10612
118,28,5.225,255.10612
119,28,5.2625,255.10612
120,28,5.3125,255.10612
121,28,5.3625,255.10612
122,28,5.4,255.10612
123,28,5.45,255.10612
124,28,5.4875,255.10612
125,28,5.5375,255.10612
126,28,5.575,255.10612
127,28,5.625,255.10612
128,28,5.675,255.10612
129,28,5.7125,255.10612
130,28,5.7625,255.10612
131,28,5.8,255.10612
132,28,5.85,255.10612
133,28,5.8875,255.10612
134,28,5.9375,255.10612
135,28,5.975,255.10612
136,28,6.025,255.10612
137,28,6.0625,255.10612
138,28,6.1125,255.10612
139,28,6.15,255.10612
140,28,6.2,255.10612
141,28,6.25,255.10612
142,28,6.2875,255.10612
143,28,6.3375,255.10612
144,28,6.375,255.10612
145,28,6.425,255.10612
146,28,6.4625,255.10612
147,28,6.5125,255.10612
148,28,6.55,255.10612
149,28,6.6,255.10612
150,28,6.6375,255.10612
151,28,6.675,255.10612
152,28,6.725,255.10612
153,28,6.7625,255.10612
154,28,6.8125,255.10612
155,28,6.85,255.10612
156,28,6.9,255.10612
157,28,6.9375,255.10612
158,28,6.9875,255.10612
159,28,7.025,255.10612
160,28,7.075,255.10612
161,28,7.1125,255.10612
162,28,7.1625,255.10612
163,28,7.2,255.10612
164,28,7.2375,255.10612
165,28,7.2875,255.10612
166,28,7.325,255.10612
167,28,7.375,262.00088
168,28,7.4125,262.00088
169,28,7.45,262.00088
170,28,7.5,262.00088
171,28,7.5375,262.00088
172,28,7.5875,262.00088
173,29,7.625,262.00088
174,29,7.6625,262.00088
175,29,7.7125,262.00088
176,29,7.75,262.00088
177,29,7.8,262.00088
178,29,7.8375,262.00088
179,29,7.875,268.89564
180,29,7.925,268.89564
181,29,7.9625,268.89564
182,29,8,268.89564
183,29,8.05,268.89564
184,29,8.0875,268.89564
185,29,8.125,268.89564
186,29,8.175,268.89564
187,29,8.2125,268.89564
188,29,8.25,268.89564
189,30,8.3,275.7904
190,30,8.3375,275.7904
191,30,8.375,275.7904
192,30,8.425,275.7904
193,30,8.4625,275.7904
194,30,8.5,275.7904
195,30,8.55,275.7904
196,30,8.5875,275.7904
197,30,8.625,275.7904
198,30,8.6625,275.7904
199,30,8.7125,282.68516
200,30,8.75,282.68516
201,30,8.7875,282.68516
202,30,8.825,282.68516
203,30,8.875,282.68516
204,30,8.9125,282.68516
205,31,8.95,282.68516
206,31,8.9875,282.68516
207,31,9.0375,282.68516
208,31,9.075,282.68516
209,31,9.1125,282.68516
210,31,9.15,282.68516
211,31,9.2,289.57992
212,31,9.2375,289.57992
213,31,9.275,289.57992
214,31,9.3125,289.57992
215,31,9.35,289.57992
216,31,9.4,289.57992
217,31,9.4375,289.57992
218,31,9.475,289.57992
219,31,9.5125,289.57992
220,31,9.55,289.57992
221,31,9.5875,289.57992
222,31,9.6375,289.57992
223,31,9.675,289.57992
224,31,9.7125,289.57992
225,31,9.75,289.57992
226,31,9.7875,289.57992
227,31,9.825,289.57992
228,31,9.875,289.57992
229,31,9.9125,289.57992
230,31,9.95,289.57992
231,31,9.9875,289.57992
232,31,10.025,289.57992
233,31,10.0625,289.57992
234,31,10.1,289.57992
235,31,10.15,289.57992
236,31,10.1875,289.57992
237,31,10.225,289.57992
238,31,10.2625,289.57992
239,31,10.3,289.57992
240,31,10.3375,289.57992
241,31,10.375,289.57992
242,31,10.4125,289.57992
243,31,10.45,289.57992
244,31,10.5,289.57992
245,31,10.5375,289.57992
246,31,10.575,289.57992
247,31,10.6125,289.57992
248,31,10.65,289.57992
249,31,10.6875,289.57992
250,31,10.725,289.57992
251,31,10.7625,289.57992
252,31,10.8,289.57992
253,31,10.8375,289.57992
254,31,10.875,289.57992
255,31,10.9125,289.57992
256,31,10.9625,289.57992
257,31,11,289.57992
258,31,11.0375,289.57992
259,31,11.075,289.57992
260,31,11.1125,289.57992
261,31,11.15,282.68516
262,31,11.1875,282.68516
263,31,11.225,282.68516
264,31,11.2625,282.68516
265,31,11.3,282.68516
266,31,11.3375,282.68516
267,31,11.375,282.68516
268,30,11.4125,282.68516
269,30,11.45,282.68516
270,30,11.4875,282.68516
271,30,11.525,282.68516
272,30,11.5625,282.68516
273,30,11.6,275.7904
274,30,11.65,275.7904
275,30,11.6875,275.7904
276,30,11.725,275.7904
277,30,11.7625,275.7904
278,30,11.8,275.7904
279,30,11.8375,275.7904
280,30,11.875,275.7904
281,30,11.9125,275.7904
282,30,11.95,275.7904
283,29,11.9875,268.89564
284,29,12.025,268.89564
285,29,12.0625,268.89564
286,29,12.1,268.89564
287,29,12.1375,268.89564
288,29,12.175,268.89564
289,29,12.2125,268.89564
290,29,12.25,268.89564
291,29,12.2875,268.89564
292,29,12.3375,268.89564
293,29,12.375,262.00088
294,29,12.4125,262.00088
295,29,12.45,262.00088
296,29,12.4875,262.00088
297,29,12.525,262.00088
298,29,12.5625,262.00088
299,28,12.6,262.00088
300,28,12.6375,262.00088
301,74,12.725,537.79128
302,74,12.8125,537.79128
303,74,12.9,537.79128
304,74,12.9875,537.79128
305,74,13.075,537.79128
306,74,13.1625,537.79128
307,74,13.25,537.79128
308,74,13.3375,537.79128
309,74,13.425,537.79128
310,74,13.5125,537.79128
311,74,13.5875,537.79128
312,74,13.675,537.79128
313,74,13.7625,537.79128
314,74,13.85,537.79128
315,75,13.9375,537.79128
316,75,14.025,537.79128
317,75,14.1125,537.79128
318,75,14.2,537.79128
319,75,14.2875,537.79128
320,75,14.375,530.89652
321,75,14.4625,530.89652
322,75,14.55,530.89652
323,75,14.6375,530.89652
324,75,14.7125,530.89652
325,75,14.8,530.89652
326,75,14.8875,530.89652
327,75,14.975,530.89652
328,75,15.0625,530.89652
329,75,15.15,530.89652
330,75,15.2375,530.89652
331,75,15.325,530.89652
332,75,15.4125,530.89652
333,75,15.4875,530.89652
334,75,15.575,530.89652
335,75,15.6625,530.89652
336,75,15.75,530.89652
337,75,15.8375,530.89652
338,75,15.925,530.89652
339,75,16.0125,530.89652
340,75,16.1,530.89652
341,76,16.175,524.00176
342,76,16.2625,524.00176
343,76,16.35,524.00176
344,76,16.4375,524.00176
345,76,16.525,524.00176
346,76,16.6125,524.00176
347,76,16.6875,524.00176
348,76,16.775,524.00176
349,76,16.8625,524.00176
350,76,16.95,524.00176
351,76,17.0375,524.00176
352,76,17.125,524.00176
353,76,17.2,524.00176
354,76,17.2875,524.00176
355,76,17.375,524.00176
356,76,17.4625,524.00176
357,76,17.55,524.00176
358,76,17.6375,524.00176
359,76,17.7125,524.00176
360,76,17.8,524.00176
361,76,17.8875,524.00176
362,76,17.975,524.00176
363,76,18.0625,524.00176
364,76,18.1375,524.00176
365,76,18.225,524.00176
366,76,18.3125,524.00176
367,76,18.4,517.107
368,76,18.4875,517.107
369,76,18.5625,517.107
370,76,18.65,517.107
371,76,18.7375,517.107
372,76,18.825,517.107
373,76,18.9,517.107
374,76,18.9875,517.107
375,76,19.075,517.107
376,76,19.1625,517.107
377,76,19.25,517.107
378,76,19.325,517.107
379,76,19.4125,517.107
380,76,19.5,517.107
381,76,19.5875,517.107
382,76,19.6625,517.107
383,76,19.75,517.107
384,76,19.8375,517.107
385,76,19.925,517.107
386,76,20,517.107
387,76,20.0875,517.107
388,76,20.175,517.107
389,76,20.2625,517.107
390,76,20.3375,517.107
391,76,20.425,517.107
392,76,20.5125,517.107
393,76,20.6,517.107
394,76,20.675,517.107
395,76,20.7625,517.107
396,76,20.85,517.107
397,76,20.925,517.107
398,76,21.0125,517.107
399,76,21.1,517.107
400,76,21.1875,517.107
401,76,21.2625,517.107
402,76,21.35,517.107
403,76,21.4375,517.107
404,76,21.5125,517.107
405,76,21.6,517.107
406,76,21.6875,517.107
407,76,21.775,517.107
408,76,21.85,517.107
409,76,21.9375,517.107
410,76,22.025,517.107
411,76,22.1,517.107
412,76,22.1875,517.107
413,76,22.275,517.107
414,76,22.35,517.107
415,76,22.4375,517.107
416,76,22.525,517.107
417,76,22.6125,517.107
418,76,22.6875,517.107
419,76,22.775,517.107
420,76,22.8625,517.107
421,76,22.9375,517.107
422,76,23.025,517.107
423,76,23.1125,517.107
424,76,23.1875,517.107
425,76,23.275,517.107
426,76,23.3625,517.107
427,76,23.4375,517.107
428,76,23.525,517.107
429,76,23.6125,517.107
430,76,23.6875,517.107
431,76,23.775,517.107
432,76,23.8625,517.107
433,76,23.9375,517.107
434,76,24.025,517.107
435,76,24.1125,517.107
436,76,24.1875,517.107
437,76,24.275,517.107
438,76,24.3625,517.107
439,76,24.4375,517.107
440,76,24.525,517.107
441,76,24.6125,517.107
442,76,24.6875,517.107
443,76,24.775,517.107
444,76,24.8625,517.107
445,76,24.9375,517.107
446,75,25.025,517.107
447,75,25.1125,517.107
448,75,25.1875,517.107
449,75,25.275,517.107
450,75,25.3625,517.107
451,75,25.4375,517.107
452,75,25.525,517.107
453,75,25.6125,517.107
454,75,25.6875,517.107
455,75,25.775,517.107
456,75,25.8625,517.107
457,75,25.9375,517.107
458,75,26.025,517.107
459,75,26.1125,517.107
460,75,26.1875,517.107
461,75,26.275,517.107
462,75,26.3625,517.107
463,75,26.4375,517.107
464,75,26.525,517.107
465,75,26.6125,517.107
466,75,26.6875,517.107
467,75,26.775,517.107
468,75,26.8625,517.107
469,75,26.9375,517.107
470,75,27.025,517.107
471,75,27.1125,517.107
472,74,27.1875,517.107
473,74,27.275,517.107
474,74,27.3625,517.107
475,74,27.4375,517.107
476,74,27.525,517.107
477,74,27.6125,517.107
478,74,27.6875,517.107
479,74,27.775,517.107
480,74,27.8625,517.107
481,74,27.9375,517.107
482,74,28.025,517.107
483,74,28.1125,524.00176
484,74,28.1875,524.00176
485,74,28.275,524.00176
486,74,28.3625,524.00176
487,74,28.4375,524.00176
488,74,28.525,524.00176
489,74,28.6125,524.00176
490,74,28.6875,524.00176
491,74,28.775,524.00176
492,74,28.8625,524.00176
493,74,28.9375,524.00176
494,74,29.025,524.00176
495,74,29.1125,524.00176
496,74,29.1875,524.00176
497,74,29.275,524.00176
498,73,29.3625,524.00176
499,73,29.4375,524.00176
500,73,29.525,524.00176
501,73,29.6125,524.00176
502,73,29.6875,524.00176
503,73,29.775,524.00176
504,73,29.8625,524.00176
505,73,29.9375,524.00176
506,73,30.025,524.00176
507,73,30.1125,524.00176
508,73,30.1875,530.89652
509,73,30.275,530.89652
510,73,30.3625,530.89652
511,73,30.4375,530.89652
512,73,30.525,530.89652
513,73,30.6125,530.89652
514,73,30.6875,530.89652
515,73,30.775,530.89652
516,73,30.8625,530.89652
517,73,30.9375,530.89652
518,73,31.025,530.89652
519,73,31.1125,530.89652
520,73,31.2,530.89652
521,73,31.275,530.89652
522,73,31.3625,530.89652
523,73,31.45,530.89652
524,73,31.525,530.89652
525,73,31.6125,530.89652
526,73,31.7,530.89652
527,73,31.775,530.89652
528,73,31.8625,530.89652
529,73,31.95,537.79128
530,73,32.0375,537.79128
531,73,32.1125,537.79128
532,73,32.2,537.79128
533,73,32.2875,537.79128
534,73,32.3625,537.79128
535,73,32.45,537.79128
536,73,32.5375,537.79128
537,73,32.6125,537.79128
538,73,32.7,537.79128
539,73,32.7875,537.79128
540,73,32.875,537.79128
541,73,32.95,537.79128
542,73,33.0375,537.79128
543,73,33.125,537.79128
544,73,33.2,537.79128
545,73,33.2875,537.79128
546,73,33.375,537.79128
547,73,33.4625,537.79128
548,73,33.5375,544.68604
549,73,33.625,544.68604
550,73,33.7125,544.68604
551,73,33.8,544.68604
552,73,33.875,544.68604
553,73,33.9625,544.68604
554,73,34.05,544.68604
555,73,34.1375,544.68604
556,73,34.2125,544.68604
557,73,34.3,544.68604
558,73,34.3875,544.68604
559,73,34.475,544.68604
560,73,34.55,544.68604
561,73,34.6375,544.68604
562,73,34.725,544.68604
563,73,34.8125,544.68604
564,73,34.8875,544.68604
565,73,34.975,544.68604
566,73,35.0625,551.5808
567,73,35.15,551.5808
568,73,35.225,551.5808
569,73,35.3125,551.5808
570,73,35.4,551.5808
571,73,35.4875,551.5808
572,73,35.575,551.5808
573,73,35.65,551.5808
574,73,35.7375,551.5808
575,73,35.825,551.5808
576,73,35.9125,551.5808
577,73,36,551.5808
578,73,36.075,551.5808
579,73,36.1625,551.5808
580,73,36.25,551.5808
581,73,36.3375,551.5808
582,73,36.425,551.5808
583,73,36.5,551.5808
584,73,36.5875,558.47556
585,73,36.675,558.47556
586,73,36.7625,558.47556
587,73,36.85,558.47556
588,73,36.925,558.47556
589,73,37.0125,558.47556
590,73,37.1,558.47556
591,73,37.1875,558.47556
592,73,37.275,558.47556
593,73,37.3625,558.47556
594,73,37.4375,558.47556
595,73,37.525,558.47556
596,73,37.6125,558.47556
597,73,37.7,558.47556
598,73,37.7875,558.47556
599,73,37.875,558.47556
600,73,37.95,558.47556
601,73,38.0375,558.47556
602,73,38.125,558.47556
603,74,38.2125,565.37032
604,74,38.3,565.37032
605,74,38.3875,565.37032
606,74,38.475,565.37032
607,74,38.5625,565.37032
608,74,38.6375,565.37032
609,74,38.725,565.37032
610,74,38.8125,565.37032
611,74,38.9,565.37032
612,74,38.9875,565.37032
613,74,39.075,565.37032
614,74,39.1625,565.37032
615,74,39.25,565.37032
616,74,39.325,565.37032
617,74,39.4125,565.37032
618,74,39.5,565.37032
619,74,39.5875,565.37032
620,74,39.675,565.37032
621,74,39.7625,565.37032
622,74,39.85,565.37032
623,74,39.9375,565.37032
624,74,40.025,572.26508
625,74,40.1125,572.26508
626,74,40.2,572.26508
627,74,40.2875,572.26508
628,74,40.3625,572.26508
629,75,40.45,572.26508
630,75,40.5375,572.26508
631,75,40.625,572.26508
632,75,40.7125,572.26508
633,75,40.8,572.26508
634,75,40.8875,572.26508
635,75,40.975,572.26508
636,75,41.0625,572.26508
637,75,41.15,572.26508
638,75,41.2375,572.26508
639,75,41.325,572.26508
640,75,41.4125,572.26508
641,75,41.5,572.26508
642,75,41.5875,572.26508
643,75,41.675,572.26508
644,75,41.7625,572.26508
645,75,41.85,572.26508
646,75,41.9375,572.26508
647,75,42.025,572.26508
648,75,42.1125,572.26508
649,75,42.2,579.15984
650,75,42.2875,579.15984
651,75,42.375,579.15984
652,75,42.4625,579.15984
653,75,42.55,579.15984
654,75,42.6375,579.15984
655,76,42.725,579.15984
656,76,42.8125,579.15984
657,76,42.9,579.15984
658,76,42.9875,579.15984
659,76,43.075,579.15984
660,76,43.1625,579.15984
661,76,43.25,579.15984
662,76,43.3375,579.15984
663,76,43.425,579.15984
664,76,43.5125,579.15984
665,76,43.6,579.15984
666,76,43.6875,579.15984
667,76,43.775,579.15984
668,76,43.8625,579.15984
669,76,43.95,579.15984
670,76,44.0375,579.15984
671,76,44.125,579.15984
672,76,44.2125,579.15984
673,76,44.3,579.15984
674,76,44.3875,579.15984
675,76,44.475,579.15984
676,76,44.5625,579.15984
677,76,44.65,579.15984
678,76,44.7375,579.15984
679,76,44.825,579.15984
680,76,44.925,579.15984
681,76,45.0125,579.15984
682,76,45.1,579.15984
683,76,45.1875,579.15984
684,76,45.275,579.15984
685,76,45.3625,579.15984
686,76,45.45,579.15984
687,76,45.5375,579.15984
688,76,45.625,579.15984
689,76,45.7125,579.15984
690,76,45.8,579.15984
691,76,45.8875,579.15984
692,76,45.9875,579.15984
693,76,46.075,579.15984
694,76,46.1625,579.15984
695,76,46.25,579.15984
696,76,46.3375,579.15984
697,76,46.425,579.15984
698,76,46.5125,579.15984
699,76,46.6,579.15984
700,76,46.6875,579.15984
701,76,46.7875,579.15984
702,76,46.875,579.15984
703,76,46.9625,579.15984
704,76,47.05,579.15984
705,76,47.1375,579.15984
706,76,47.225,579.15984
707,76,47.3125,579.15984
708,76,47.4,579.15984
709,76,47.5,579.15984
710,76,47.5875,579.15984
711,76,47.675,579.15984
712,76,47.7625,579.15984
713,76,47.85,579.15984
714,76,47.9375,579.15984
715,76,48.025,579.15984
716,76,48.1125,579.15984
717,76,48.2125,579.15984
718,76,48.3,579.15984
719,76,48.3875,579.15984
720,76,48.475,579.15984
721,76,48.5625,579.15984
722,76,48.65,579.15984
723,76,48.75,579.15984
724,76,48.8375,579.15984
725,76,48.925,579.15984
726,76,49.0125,579.15984
727,76,49.1,579.15984
728,76,49.1875,579.15984
729,76,49.2875,579.15984
730,76,49.375,579.15984
731,76,49.4625,579.15984
732,76,49.55,579.15984
733,76,49.6375,579.15984
734,76,49.725,579.15984
735,76,49.825,579.15984
736,76,49.9125,579.15984
737,76,50,579.15984
738,76,50.0875,579.15984
739,76,50.175,579.15984
740,76,50.2625,579.15984
741,76,50.3625,579.15984
742,76,50.45,579.15984
743,76,50.5375,579.15984
744,76,50.625,579.15984
745,76,50.7125,579.15984
746,76,50.8125,579.15984
747,76,50.9,579.15984
748,76,50.9875,579.15984
749,76,51.075,579.15984
750,76,51.1625,579.15984
751,76,51.2625,579.15984
752,76,51.35,579.15984
753,76,51.4375,579.15984
754,76,51.525,579.15984
755,76,51.6125,579.15984
756,76,51.7,579.15984
757,76,51.8,579.15984
758,76,51.8875,579.15984
759,76,51.975,579.15984
760,75,52.0625,579.15984
761,75,52.15,579.15984
762,75,52.25,579.15984
763,75,52.3375,579.15984
764,75,52.425,579.15984
765,75,52.5125,572.26508
766,75,52.6,572.26508
767,75,52.7,572.26508
768,75,52.7875,572.26508
769,75,52.875,572.26508
770,75,52.9625,572.26508
771,75,53.05,572.26508
772,75,53.15,572.26508
773,75,53.2375,572.26508
774,75,53.325,572.26508
775,75,53.4125,572.26508
776,75,53.5,572.26508
777,75,53.6,572.26508
778,75,53.6875,572.26508
779,75,53.775,572.26508
780,75,53.8625,572.26508
781,75,53.95,572.26508
782,75,54.05,572.26508
783,75,54.1375,572.26508
784,75,54.225,572.26508
785,75,54.3125,572.26508
786,74,54.4,572.26508
787,74,54.5,572.26508
788,74,54.5875,572.26508
789,74,54.675,572.26508
790,74,54.7625,572.26508
791,74,54.85,565.37032
792,74,54.9375,565.37032
793,74,55.0375,565.37032
794,74,55.125,565.37032
795,74,55.2125,565.37032
796,74,55.3,565.37032
797,74,55.3875,565.37032
798,74,55.4875,565.37032
799,74,55.575,565.37032
800,74,55.6625,565.37032
801,74,55.75,565.37032
802,74,55.8375,565.37032
803,74,55.9375,565.37032
804,74,56.025,565.37032
805,74,56.1125,565.37032
806,74,56.2,565.37032
807,74,56.2875,565.37032
808,74,56.3875,565.37032
809,74,56.475,565.37032
810,74,56.5625,565.37032
811,74,56.65,565.37032
812,73,56.7375,558.47556
813,73,56.8375,558.47556
814,73,56.925,558.47556
815,73,57.0125,558.47556
816,73,57.1,558.47556
817,73,57.1875,558.47556
818,73,57.2875,558.47556
819,73,57.375,558.47556
820,73,57.4625,558.47556
821,73,57.55,558.47556
822,73,57.6375,558.47556
823,73,57.7375,558.47556
824,73,57.825,558.47556
825,73,57.9125,558.47556
826,73,58,558.47556
827,73,58.0875,558.47556
828,73,58.175,558.47556
829,73,58.275,558.47556
830,73,58.3625,558.47556
831,73,58.45,551.5808
832,73,58.5375,551.5808
833,73,58.625,551.5808
834,73,58.725,551.5808
835,73,58.8125,551.5808
836,73,58.9,551.5808
837,73,58.9875,551.5808
838,73,59.075,551.5808
839,73,59.1625,551.5808
840,73,59.2625,551.5808
841,73,59.35,551.5808
842,73,59.4375,551.5808
843,73,59.525,551.5808
844,73,59.6125,551.5808
845,73,59.7,551.5808
846,73,59.8,551.5808
847,73,59.8875,551.5808
848,73,59.975,551.5808
849,73,60.0625,544.68604
850,73,60.15,544.68604
851,73,60.2375,544.68604
852,73,60.325,544.68604
853,73,60.425,544.68604
854,73,60.5125,544.68604
855,73,60.6,544.68604
856,73,60.6875,544.68604
857,73,60.775,544.68604
858,73,60.8625,544.68604
859,73,60.95,544.68604
860,73,61.05,544.68604
861,73,61.1375,544.68604
862,73,61.225,544.68604
863,73,61.3125,544.68604
864,73,61.4,544.68604
865,73,61.4875,544.68604
866,73,61.575,544.68604
867,73,61.6625,537.79128
868,73,61.7625,537.79128
869,73,61.85,537.79128
870,73,61.9375,537.79128
871,73,62.025,537.79128
872,73,62.1125,537.79128
873,73,62.2,537.79128
874,73,62.2875,537.79128
875,73,62.375,537.79128
876,73,62.4625,537.79128
877,73,62.5625,537.79128
878,73,62.65,537.79128
879,73,62.7375,537.79128
880,73,62.825,537.79128
881,73,62.9125,537.79128
882,73,63,537.79128
883,73,63.0875,537.79128
884,73,63.175,537.79128
885,73,63.2625,537.79128
886,73,63.35,530.89652
887,73,63.4375,530.89652
888,73,63.5375,530.89652
889,73,63.625,530.89652
890,73,63.7125,530.89652
891,73,63.8,530.89652
892,73,63.8875,530.89652
893,73,63.975,530.89652
894,73,64.0625,530.89652
895,73,64.15,530.89652
896,73,64.2375,530.89652
897,73,64.325,530.89652
898,73,64.4125,530.89652
899,73,64.5,530.89652
900,73,64.5875,530.89652
901,73,64.675,530.89652
902,73,64.7625,530.89652
903,73,64.85,530.89652
904,73,64.9375,530.89652
905,73,65.025,530.89652
906,73,65.1125,530.89652
907,73,65.2,524.00176
908,73,65.2875,524.00176
909,73,65.3875,524.00176
910,73,65.475,524.00176
911,73,65.5625,524.00176
912,73,65.65,524.00176
913,73,65.7375,524.00176
914,73,65.825,524.00176
915,73,65.9125,524.00176
916,73,66,524.00176
917,74,66.0875,524.00176
918,74,66.175,524.00176
919,74,66.2625,524.00176
920,74,66.35,524.00176
921,74,66.4375,524.00176
922,74,66.525,524.00176
923,74,66.6125,524.00176
924,74,66.7,524.00176
925,74,66.7875,524.00176
926,74,66.8625,524.00176
927,74,66.95,524.00176
928,74,67.0375,524.00176
929,74,67.125,524.00176
930,74,67.2125,524.00176
931,74,67.3,524.00176
932,74,67.3875,517.107
933,74,67.475,517.107
934,74,67.5625,517.107
935,74,67.65,517.107
936,74,67.7375,517.107
937,74,67.825,517.107
938,74,67.9125,517.107
939,74,68,517.107
940,74,68.0875,517.107
941,74,68.175,517.107
942,74,68.2625,517.107
943,75,68.35,517.107
944,75,68.4375,517.107
945,75,68.525,517.107
946,75,68.6,517.107
947,75,68.6875,517.107
948,75,68.775,517.107
949,75,68.8625,517.107
950,75,68.95,517.107
951,75,69.0375,517.107
952,75,69.125,517.107
953,75,69.2125,517.107
954,75,69.3,517.107
955,75,69.3875,517.107
956,75,69.4625,517.107
957,75,69.55,517.107
958,75,69.6375,517.107
959,75,69.725,517.107
960,75,69.8125,517.107
961,75,69.9,517.107
962,75,69.9875,517.107
963,75,70.075,517.107
964,75,70.1625,517.107
965,75,70.2375,517.107
966,75,70.325,517.107
967,75,70.4125,517.107
968,75,70.5,517.107
969,76,70.5875,517.107
970,76,70.675,517.107
971,76,70.7625,517.107
972,76,70.8375,517.107
973,76,70.925,517.107
974,76,71.0125,517.107
975,76,71.1,517.107
976,76,71.1875,517.107
977,76,71.275,517.107
978,76,71.35,517.107
979,76,71.4375,517.107
980,76,71.525,517.107
981,76,71.6125,517.107
982,76,71.7,517.107
983,76,71.7875,517.107
984,76,71.8625,517.107
985,76,71.95,517.107
986,76,72.0375,517.107
987,76,72.125,517.107
988,76,72.2125,517.107
989,76,72.2875,517.107
990,76,72.375,517.107
991,76,72.4625,517.107
992,76,72.55,517.107
993,76,72.6375,517.107
994,76,72.7125,517.107
995,76,72.8,517.107
996,76,72.8875,517.107
997,76,72.975,517.107
998,76,73.0625,517.107
999,76,73.1375,517.107
1000,76,73.225,517.107
1001,76,73.3125,517.107
1002,76,73.4,517.107
1003,76,73.475,517.107
1004,76,73.5625,517.107
1005,76,73.65,517.107
1006,76,73.7375,517.107
1007,76,73.825,517.107
1008,76,73.9,517.107
1009,76,73.9875,517.107
1010,76,74.075,517.107
1011,76,74.1625,517.107
1012,76,74.2375,517.107
1013,76,74.325,517.107
1014,76,74.4125,517.107
1015,76,74.5,517.107
1016,76,74.575,517.107
1017,76,74.6625,517.107
1018,76,74.75,517.107
1019,76,74.8375,517.107
1020,76,74.9125,517.107
1021,76,75,517.107
1022,76,75.0875,517.107
1023,76,75.1625,517.107
1024,76,75.25,517.107
1025,76,75.3375,517.107
1026,76,75.425,517.107
1027,76,75.5,517.107
1028,76,75.5875,517.107
1029,76,75.675,517.107
1030,76,75.7625,517.107
1031,76,75.8375,517.107
1032,76,75.925,517.107
1033,76,76.0125,517.107
1034,76,76.0875,517.107
1035,76,76.175,517.107
1036,76,76.2625,517.107
1037,76,76.35,517.107
1038,76,76.425,517.107
1039,76,76.5125,517.107
1040,76,76.6,517.107
1041,76,76.675,517.107
1042,76,76.7625,517.107
1043,76,76.85,517.107
1044,76,76.925,517.107
1045,76,77.0125,517.107
1046,76,77.1,517.107
1047,76,77.175,517.107
1048,76,77.2625,524.00176
1049,76,77.35,524.00176
1050,76,77.4375,524.00176
1051,76,77.5125,524.00176
1052,76,77.6,524.00176
1053,76,77.6875,524.00176
1054,76,77.7625,524.00176
1055,76,77.85,524.00176
1056,76,77.9375,524.00176
1057,76,78.0125,524.00176
1058,76,78.1,524.00176
1059,76,78.1875,524.00176
1060,76,78.2625,524.00176
1061,76,78.35,524.00176
1062,76,78.4375,524.00176
1063,76,78.5125,524.00176
1064,76,78.6,524.00176
1065,76,78.6875,524.00176
1066,76,78.7625,524.00176
1067,76,78.85,524.00176
1068,76,78.9375,524.00176
1069,76,79.0125,524.00176
1070,76,79.1,524.00176
1071,76,79.1875,524.00176
1072,76,79.2625,524.00176
1073,76,79.35,524.00176
1074,75,79.4375,530.89652
1075,75,79.5125,530.89652
1076,75,79.6,530.89652
1077,75,79.6875,530.89652
1078,75,79.7625,530.89652
1079,75,79.85,530.89652
1080,75,79.9375,530.89652
1081,75,80.0125,530.89652
1082,75,80.1,530.89652
1083,75,80.1875,530.89652
1084,75,80.2625,530.89652
1085,75,80.35,530.89652
1086,75,80.4375,530.89652
1087,75,80.5125,530.89652
1088,75,80.6,530.89652
1089,75,80.6875,530.89652
1090,75,80.7625,530.89652
1091,75,80.85,530.89652
1092,75,80.9375,530.89652
1093,75,81.0125,530.89652
1094,75,81.1,537.79128
1095,75,81.1875,537.79128
1096,75,81.2625,537.79128
1097,75,81.35,537.79128
1098,75,81.4375,537.79128
1099,75,81.5125,537.79128
1100,74,81.6,537.79128
1101,74,81.6875,537.79128
1102,74,81.7625,537.79128
1103,74,81.85,537.79128
1104,74,81.9375,537.79128
1105,74,82.0125,537.79128
1106,74,82.1,537.79128
1107,74,82.1875,537.79128
1108,74,82.2625,537.79128
1109,74,82.35,537.79128
1110,74,82.4375,537.79128
1111,74,82.5125,537.79128
1112,74,82.6,537.79128
1113,74,82.6875,544.68604
1114,74,82.7625,544.68604
1115,74,82.85,544.68604
1116,74,82.9375,544.68604
1117,74,83.0125,544.68604
1118,74,83.1,544.68604
1119,74,83.1875,544.68604
1120,74,83.2625,544.68604
1121,74,83.35,544.68604
1122,74,83.4375,544.68604
1123,74,83.5125,544.68604
1124,74,83.6,544.68604
1125,74,83.6875,544.68604
1126,73,83.7625,544.68604
1127,73,83.85,544.68604
1128,73,83.9375,544.68604
1129,73,84.0125,544.68604
1130,73,84.1,544.68604
1131,73,84.1875,551.5808
1132,73,84.2625,551.5808
1133,73,84.35,551.5808
1134,73,84.4375,551.5808
1135,73,84.5125,551.5808
1136,73,84.6,551.5808
1137,73,84.6875,551.5808
1138,73,84.7625,551.5808
1139,73,84.85,551.5808
1140,73,84.9375,551.5808
1141,73,85.0125,551.5808
1142,73,85.1,551.5808
1143,73,85.1875,551.5808
1144,73,85.2625,551.5808
1145,73,85.35,551.5808
1146,73,85.4375,551.5808
1147,73,85.5125,551.5808
1148,73,85.6,551.5808
1149,73,85.6875,551.5808
1150,73,85.7625,558.47556
1151,73,85.85,558.47556
1152,73,85.9375,558.47556
1153,73,86.025,558.47556
1154,73,86.1,558.47556
1155,73,86.1875,558.47556
1156,73,86.275,558.47556
1157,73,86.35,558.47556
1158,73,86.4375,558.47556
1159,73,86.525,558.47556
1160,73,86.6,558.47556
1161,73,86.6875,558.47556
1162,73,86.775,558.47556
1163,73,86.8625,558.47556
1164,73,86.9375,558.47556
1165,73,87.025,558.47556
1166,73,87.1125,558.47556
1167,73,87.1875,558.47556
1168,73,87.275,558.47556
1169,73,87.3625,565.37032
1170,73,87.45,565.37032
1171,73,87.525,565.37032
1172,73,87.6125,565.37032
1173,73,87.7,565.37032
1174,73,87.775,565.37032
1175,73,87.8625,565.37032
1176,73,87.95,565.37032
1177,73,88.0375,565.37032
1178,73,88.1125,565.37032
1179,73,88.2,565.37032
1180,73,88.2875,565.37032
1181,73,88.375,565.37032
1182,73,88.45,565.37032
1183,73,88.5375,565.37032
1184,73,88.625,565.37032
1185,73,88.7125,565.37032
1186,73,88.7875,565.37032
1187,73,88.875,565.37032
1188,73,88.9625,565.37032
1189,73,89.05,572.26508
1190,73,89.125,572.26508
1191,73,89.2125,572.26508
1192,73,89.3,572.26508
1193,73,89.3875,572.26508
1194,73,89.4625,572.26508
1195,73,89.55,572.26508
1196,73,89.6375,572.26508
1197,73,89.725,572.26508
1198,73,89.8,572.26508
1199,73,89.8875,572.26508
1200,73,89.975,572.26508
1201,73,90.0625,572.26508
1202,73,90.15,572.26508
1203,73,90.225,572.26508
1204,73,90.3125,572.26508
1205,73,90.4,572.26508
1206,73,90.4875,572.26508
1207,73,90.575,572.26508
1208,73,90.65,572.26508
1209,73,90.7375,572.26508
1210,73,90.825,572.26508
1211,73,90.9125,572.26508
1212,73,91,572.26508
1213,73,91.075,572.26508
1214,73,91.1625,572.26508
1215,73,91.25,579.15984
1216,73,91.3375,579.15984
1217,73,91.425,579.15984
1218,73,91.5125,579.15984
1219,73,91.5875,579.15984
1220,73,91.675,579.15984
1221,73,91.7625,579.15984
1222,73,91.85,579.15984
1223,73,91.9375,579.15984
1224,73,92.025,579.15984
1225,73,92.1,579.15984
1226,73,92.1875,579.15984
1227,73,92.275,579.15984
1228,73,92.3625,579.15984
1229,73,92.45,579.15984
1230,73,92.5375,579.15984
1231,74,92.6125,579.15984
1232,74,92.7,579.15984
1233,74,92.7875,579.15984
1234,74,92.875,579.15984
1235,74,92.9625,579.15984
1236,74,93.05,579.15984
1237,74,93.1375,579.15984
1238,74,93.225,579.15984
1239,74,93.3,579.15984
1240,74,93.3875,579.15984
1241,74,93.475,579.15984
1242,74,93.5625,579.15984
1243,74,93.65,579.15984
1244,74,93.7375,579.15984
1245,74,93.825,579.15984
1246,74,93.9125,579.15984
1247,74,94,579.15984
1248,74,94.0875,579.15984
1249,74,94.1625,579.15984
1250,74,94.25,579.15984
1251,74,94.3375,579.15984
1252,74,94.425,579.15984
1253,74,94.5125,579.15984
1254,74,94.6,579.15984
1255,74,94.6875,579.15984
1256,74,94.775,579.15984
1257,75,94.8625,579.15984
1258,75,94.95,579.15984
1259,75,95.0375,579.15984
1260,75,95.125,579.15984
1261,75,95.2125,579.15984
1262,75,95.3,579.15984
1263,75,95.375,579.15984
1264,75,95.4625,579.15984
1265,75,95.55,579.15984
1266,75,95.6375,579.15984
1267,75,95.725,579.15984
1268,75,95.8125,579.15984
1269,75,95.9,579.15984
1270,75,95.9875,579.15984
1271,75,96.075,579.15984
1272,75,96.1625,579.15984
1273,75,96.25,579.15984
1274,75,96.3375,579.15984
1275,75,96.425,579.15984
1276,75,96.5125,579.15984
1277,75,96.6,579.15984
1278,75,96.6875,579.15984
1279,75,96.775,579.15984
1280,75,96.8625,579.15984
1281,75,96.95,579.15984
1282,75,97.0375,579.15984
1283,76,97.125,579.15984
1284,76,97.2125,579.15984
1285,76,97.3,579.15984
1286,76,97.3875,579.15984
1287,76,97.475,579.15984
1288,76,97.5625,579.15984
1289,76,97.65,579.15984
1290,76,97.7375,579.15984
1291,76,97.825,579.15984
1292,76,97.9125,579.15984
1293,76,98,579.15984
1294,76,98.0875,579.15984
1295,76,98.175,579.15984
1296,76,98.2625,579.15984
1297,76,98.35,579.15984
1298,76,98.4375,579.15984
1299,76,98.525,579.15984
1300,76,98.6125,579.15984
1301,76,98.7,579.15984
1302,76,98.8,579.15984
1303,76,98.8875,579.15984
1304,76,98.975,579.15984
1305,76,99.0625,579.15984
1306,76,99.15,579.15984
1307,76,99.2375,579.15984
1308,76,99.325,579.15984
1309,76,99.4125,579.15984
1310,76,99.5,579.15984
1311,76,99.5875,579.15984
1312,76,99.675,579.15984
1313,76,99.7625,579.15984
1314,76,99.85,579.15984
1315,76,99.9375,579.15984
1316,76,100.0375,579.15984
1317,76,100.125,579.15984
1318,76,100.2125,579.15984
1319,76,100.3,579.15984
1320,76,100.3875,579.15984
1321,76,100.475,579.15984
1322,76,100.5625,579.15984
1323,76,100.65,579.15984
1324,76,100.7375,579.15984
1325,76,100.825,579.15984
1326,76,100.925,579.15984
1327,76,101.0125,579.15984
1328,76,101.1,579.15984
1329,76,101.1875,579.15984
1330,76,101.275,579.15984
1331,76,101.3625,572.26508
1332,76,101.45,572.26508
1333,76,101.5375,572.26508
1334,76,101.625,572.26508
1335,76,101.725,572.26508
1336,76,101.8125,572.26508
1337,76,101.9,572.26508
1338,76,101.9875,572.26508
1339,76,102.075,572.26508
1340,76,102.1625,572.26508
1341,76,102.25,572.26508
1342,76,102.35,572.26508
1343,76,102.4375,572.26508
1344,76,102.525,572.26508
1345,76,102.6125,572.26508
1346,76,102.7,572.26508
1347,76,102.7875,572.26508
1348,76,102.875,572.26508
1349,76,102.975,572.26508
1350,76,103.0625,572.26508
1351,76,103.15,572.26508
1352,76,103.2375,572.26508
1353,76,103.325,572.26508
1354,76,103.4125,572.26508
1355,76,103.5125,572.26508
1356,76,103.6,565.37032
1357,76,103.6875,565.37032
1358,76,103.775,565.37032
1359,76,103.8625,565.37032
1360,76,103.95,565.37032
1361,76,104.05,565.37032
1362,76,104.1375,565.37032
1363,76,104.225,565.37032
1364,76,104.3125,565.37032
1365,76,104.4,565.37032
1366,76,104.4875,565.37032
1367,76,104.5875,565.37032
1368,76,104.675,565.37032
1369,76,104.7625,565.37032
1370,76,104.85,565.37032
1371,76,104.9375,565.37032
1372,76,105.025,565.37032
1373,76,105.125,565.37032
1374,76,105.2125,565.37032
1375,76,105.3,565.37032
1376,76,105.3875,565.37032
1377,76,105.475,558.47556
1378,76,105.575,558.47556
1379,76,105.6625,558.47556
1380,76,105.75,558.47556
1381,76,105.8375,558.47556
1382,76,105.925,558.47556
1383,76,106.025,558.47556
1384,76,106.1125,558.47556
1385,76,106.2,558.47556
1386,76,106.2875,558.47556
1387,76,106.375,558.47556
1388,75,106.475,558.47556
1389,75,106.5625,558.47556
1390,75,106.65,558.47556
1391,75,106.7375,558.47556
1392,75,106.825,558.47556
1393,75,106.925,558.47556
1394,75,107.0125,558.47556
1395,75,107.1,558.47556
1396,75,107.1875,551.5808
1397,75,107.275,551.5808
1398,75,107.375,551.5808
1399,75,107.4625,551.5808
1400,75,107.55,551.5808
1401,75,107.6375,551.5808
1402,75,107.725,551.5808
1403,75,107.825,551.5808
1404,75,107.9125,551.5808
1405,75,108,551.5808
1406,75,108.0875,551.5808
1407,75,108.175,551.5808
1408,75,108.2625,551.5808
1409,75,108.3625,551.5808
1410,75,108.45,551.5808
1411,75,108.5375,551.5808
1412,75,108.625,551.5808
1413,75,108.7125,551.5808
1414,74,108.8125,544.68604
1415,74,108.9,544.68604
1416,74,108.9875,544.68604
1417,74,109.075,544.68604
1418,74,109.1625,544.68604
1419,74,109.2625,544.68604
1420,74,109.35,544.68604
1421,74,109.4375,544.68604
1422,74,109.525,544.68604
1423,74,109.6125,544.68604
1424,74,109.7125,544.68604
1425,74,109.8,544.68604
1426,74,109.8875,544.68604
1427,74,109.975,544.68604
1428,74,110.0625,544.68604
1429,74,110.1625,544.68604
1430,74,110.25,544.68604
1431,74,110.3375,544.68604
1432,74,110.425,537.79128
1433,74,110.5125,537.79128
1434,74,110.6125,537.79128
1435,74,110.7,537.79128
1436,74,110.7875,537.79128
1437,74,110.875,537.79128
1438,74,110.9625,537.79128
1439,74,111.05,537.79128
1440,73,111.15,537.79128
1441,73,111.2375,537.79128
1442,73,111.325,537.79128
1443,73,111.4125,537.79128
1444,73,111.5,537.79128
1445,73,111.6,537.79128
1446,73,111.6875,537.79128
1447,73,111.775,537.79128
1448,73,111.8625,537.79128
1449,73,111.95,537.79128
1450,73,112.05,537.79128
1451,73,112.1375,530.89652
1452,73,112.225,530.89652
1453,73,112.3125,530.89652
1454,73,112.4,530.89652
1455,73,112.5,530.89652
1456,73,112.5875,530.89652
1457,73,112.675,530.89652
1458,73,112.7625,530.89652
1459,73,112.85,530.89652
1460,73,112.95,530.89652
1461,73,113.0375,530.89652
1462,73,113.125,530.89652
1463,73,113.2125,530.89652
1464,73,113.3,530.89652
1465,73,113.3875,530.89652
1466,73,113.4875,530.89652
1467,73,113.575,530.89652
1468,73,113.6625,530.89652
1469,73,113.75,530.89652
1470,73,113.8375,530.89652
1471,73,113.925,530.89652
1472,73,114.025,524.00176
1473,73,114.1125,524.00176
1474,73,114.2,524.00176
1475,73,114.2875,524.00176
1476,73,114.375,524.00176
1477,73,114.4625,524.00176
1478,73,114.5625,524.00176
1479,73,114.65,524.00176
1480,73,114.7375,524.00176
1481,73,114.825,524.00176
1482,73,114.9125,524.00176
1483,73,115,524.00176
1484,73,115.0875,524.00176
1485,73,115.175,524.00176
1486,73,115.275,524.00176
1487,73,115.3625,524.00176
1488,73,115.45,524.00176
1489,73,115.5375,524.00176
1490,73,115.625,524.00176
1491,73,115.7125,524.00176
1492,73,115.8,524.00176
1493,73,115.9,524.00176
1494,73,115.9875,524.00176
1495,73,116.075,524.00176
1496,73,116.1625,524.00176
1497,73,116.25,524.00176
1498,73,116.3375,517.107
1499,73,116.425,517.107
1500,73,116.5125,517.107
1501,73,116.6,517.107
1502,73,116.7,517.107
1503,73,116.7875,517.107
1504,73,116.875,517.107
1505,73,116.9625,517.107
1506,73,117.05,517.107
1507,73,117.1375,517.107
1508,73,117.225,517.107
1509,73,117.3125,517.107
1510,73,117.4,517.107
1511,73,117.4875,517.107
1512,73,117.5875,517.107
1513,73,117.675,517.107
1514,73,117.7625,517.107
1515,73,117.85,517.107
1516,73,117.9375,517.107
1517,73,118.025,517.107
1518,73,118.1125,517.107
1519,73,118.2,517.107
1520,73,118.2875,517.107
1521,73,118.375,517.107
1522,73,118.4625,517.107
1523,73,118.55,517.107
1524,73,118.6375,517.107
1525,73,118.725,517.107
1526,73,118.825,517.107
1527,73,118.9125,517.107
1528,73,119,517.107
1529,73,119.0875,517.107
1530,73,119.175,517.107
1531,73,119.2625,517.107
1532,73,119.35,517.107
1533,73,119.4375,517.107
1534,73,119.525,517.107
1535,73,119.6125,517.107
1536,73,119.7,517.107
1537,73,119.7875,517.107
1538,73,119.875,517.107
1539,73,119.9625,517.107
1540,73,120.05,517.107
1541,73,120.1375,517.107
1542,73,120.225,517.107
1543,73,120.3125,517.107
1544,73,120.4,517.107
1545,74,120.4875,517.107
1546,74,120.575,517.107
1547,74,120.6625,517.107
1548,74,120.75,517.107
1549,74,120.8375,517.107
1550,74,120.925,517.107
1551,74,121.0125,517.107
1552,74,121.1,517.107
1553,74,121.1875,517.107
1554,74,121.275,517.107
1555,74,121.3625,517.107
1556,74,121.45,517.107
1557,74,121.5375,517.107
1558,74,121.625,517.107
1559,74,121.7125,517.107
1560,74,121.8,517.107
1561,74,121.8875,517.107
1562,74,121.975,517.107
1563,74,122.0625,517.107
1564,74,122.1375,517.107
1565,74,122.225,517.107
1566,74,122.3125,517.107
1567,74,122.4,517.107
1568,74,122.4875,517.107
1569,74,122.575,517.107
1570,74,122.6625,517.107
1571,75,122.75,517.107
1572,75,122.8375,517.107
1573,75,122.925,517.107
1574,75,123.0125,517.107
1575,75,123.1,517.107
1576,75,123.1875,517.107
1577,75,123.275,517.107
1578,75,123.35,517.107
1579,75,123.4375,517.107
1580,75,123.525,517.107
1581,75,123.6125,517.107
1582,75,123.7,517.107
1583,75,123.7875,517.107
1584,75,123.875,517.107
1585,75,123.9625,517.107
1586,75,124.05,517.107
1587,75,124.1375,517.107
1588,75,124.2125,517.107
1589,75,124.3,517.107
1590,75,124.3875,517.107
1591,75,124.475,517.107
1592,75,124.5625,517.107
1593,75,124.65,517.107
1594,75,124.7375,517.107
1595,75,124.8125,517.107
1596,75,124.9,517.107
1597,76,124.9875,517.107
1598,76,125.075,517.107
1599,76,125.1625,517.107
1600,76,125.25,517.107
1601,76,125.3375,517.107
1602,76,125.4125,517.107
1603,76,125.5,517.107
1604,76,125.5875,517.107
1605,76,125.675,517.107
1606,76,125.7625,517.107
1607,76,125.85,517.107
1608,76,125.925,517.107
1609,76,126.0125,517.107
1610,76,126.1,517.107
1611,76,126.1875,517.107
1612,76,126.275,517.107
1613,76,126.3625,517.107
1614,76,126.4375,524.00176
1615,76,126.525,524.00176
1616,76,126.6125,524.00176
1617,76,126.7,524.00176
1618,76,126.7875,524.00176
1619,76,126.8625,524.00176
1620,76,126.95,524.00176
1621,76,127.0375,524.00176
1622,76,127.125,524.00176
1623,76,127.2125,524.00176
1624,76,127.2875,524.00176
1625,76,127.375,524.00176
1626,76,127.4625,524.00176
1627,76,127.55,524.00176
1628,76,127.6375,524.00176
1629,76,127.7125,524.00176
1630,76,127.8,524.00176
1631,76,127.8875,524.00176
1632,76,127.975,524.00176
1633,76,128.05,524.00176
1634,76,128.1375,524.00176
1635,76,128.225,524.00176
1636,76,128.3125,524.00176
1637,76,128.3875,524.00176
1638,76,128.475,524.00176
1639,76,128.5625,530.89652
1640,76,128.65,530.89652
1641,76,128.725,530.89652
1642,76,128.8125,530.89652
1643,76,128.9,530.89652
1644,76,128.9875,530.89652
1645,76,129.0625,530.89652
1646,76,129.15,530.89652
1647,76,129.2375,530.89652
1648,76,129.325,530.89652
1649,76,129.4,530.89652
1650,76,129.4875,530.89652
1651,76,129.575,530.89652
1652,76,129.6625,530.89652
1653,76,129.7375,530.89652
1654,76,129.825,530.89652
1655,76,129.9125,530.89652
1656,76,130,530.89652
1657,76,130.075,530.89652
1658,76,130.1625,530.89652
1659,76,130.25,530.89652
1660,76,130.325,537.79128
1661,76,130.4125,537.79128
1662,76,130.5,537.79128
1663,76,130.5875,537.79128
1664,76,130.6625,537.79128
1665,76,130.75,537.79128
1666,76,130.8375,537.79128
1667,76,130.9125,537.79128
1668,76,131,537.79128
1669,76,131.0875,537.79128
1670,76,131.1625,537.79128
1671,76,131.25,537.79128
1672,76,131.3375,537.79128
1673,76,131.425,537.79128
1674,76,131.5,537.79128
1675,76,131.5875,537.79128
1676,76,131.675,537.79128
1677,76,131.75,537.79128
1678,76,131.8375,537.79128
1679,76,131.925,544.68604
1680,76,132,544.68604
1681,76,132.0875,544.68604
1682,76,132.175,544.68604
1683,76,132.25,544.68604
1684,76,132.3375,544.68604
1685,76,132.425,544.68604
1686,76,132.5,544.68604
1687,76,132.5875,544.68604
1688,76,132.675,544.68604
1689,76,132.75,544.68604
1690,76,132.8375,544.68604
1691,76,132.925,544.68604
1692,76,133,544.68604
1693,76,133.0875,544.68604
1694,76,133.175,544.68604
1695,76,133.25,544.68604
1696,76,133.3375,544.68604
1697,76,133.425,551.5808
1698,76,133.5,551.5808
1699,76,133.5875,551.5808
1700,76,133.675,551.5808
1701,76,133.75,551.5808
1702,75,133.8375,551.5808
1703,75,133.925,551.5808
1704,75,134,551.5808
1705,75,134.0875,551.5808
1706,75,134.175,551.5808
1707,75,134.25,551.5808
1708,75,134.3375,551.5808
1709,75,134.425,551.5808
1710,75,134.5,551.5808
1711,75,134.5875,551.5808
1712,75,134.675,551.5808
1713,75,134.75,551.5808
1714,75,134.8375,551.5808
1715,75,134.925,558.47556
1716,75,135,558.47556
1717,75,135.0875,558.47556
1718,75,135.175,558.47556
1719,75,135.25,558.47556
1720,75,135.3375,558.47556
1721,75,135.425,558.47556
1722,75,135.5,558.47556
1723,75,135.5875,558.47556
1724,75,135.675,558.47556
1725,75,135.75,558.47556
1726,75,135.8375,558.47556
1727,75,135.925,558.47556
1728,74,136,558.47556
1729,74,136.0875,558.47556
1730,74,136.175,558.47556
1731,74,136.25,558.47556
1732,74,136.3375,558.47556
1733,74,136.425,558.47556
1734,74,136.5,565.37032
1735,74,136.5875,565.37032
1736,74,136.675,565.37032
1737,74,136.75,565.37032
1738,74,136.8375,565.37032
1739,74,136.925,565.37032
1740,74,137,565.37032
1741,74,137.0875,565.37032
1742,74,137.175,565.37032
1743,74,137.25,565.37032
1744,74,137.3375,565.37032
1745,74,137.425,565.37032
1746,74,137.5,565.37032
1747,74,137.5875,565.37032
1748,74,137.675,565.37032
1749,74,137.75,565.37032
1750,74,137.8375,565.37032
1751,74,137.925,565.37032
1752,74,138,565.37032
1753,74,138.0875,565.37032
1754,74,138.175,565.37032
1755,73,138.25,572.26508
1756,73,138.3375,572.26508
1757,73,138.425,572.26508
1758,73,138.5,572.26508
1759,73,138.5875,572.26508
1760,73,138.675,572.26508
1761,73,138.75,572.26508
1762,73,138.8375,572.26508
1763,73,138.925,572.26508
1764,73,139,572.26508
1765,73,139.0875,572.26508
1766,73,139.175,572.26508
1767,73,139.25,572.26508
1768,73,139.3375,572.26508
1769,73,139.425,572.26508
1770,73,139.5,572.26508
1771,73,139.5875,572.26508
1772,73,139.675,572.26508
1773,73,139.75,572.26508
1774,73,139.8375,572.26508
1775,73,139.925,572.26508
1776,73,140.0125,572.26508
1777,73,140.0875,572.26508
1778,73,140.175,572.26508
1779,73,140.2625,572.26508
1780,73,140.3375,579.15984
1781,73,140.425,579.15984
1782,73,140.5125,579.15984
1783,73,140.5875,579.15984
1784,73,140.675,579.15984
1785,73,140.7625,579.15984
1786,73,140.8375,579.15984
1787,73,140.925,579.15984
1788,73,141.0125,579.15984
1789,73,141.1,579.15984
1790,73,141.175,579.15984
1791,73,141.2625,579.15984
1792,73,141.35,579.15984
1793,73,141.425,579.15984
1794,73,141.5125,579.15984
1795,73,141.6,579.15984
1796,73,141.6875,579.15984
1797,73,141.7625,579.15984
1798,73,141.85,579.15984
1799,73,141.9375,579.15984
1800,73,142.0125,579.15984
1801,73,142.1,579.15984
1802,73,142.1875,579.15984
1803,73,142.275,579.15984
1804,73,142.35,579.15984
1805,73,142.4375,579.15984
1806,73,142.525,579.15984
1807,73,142.6,579.15984
1808,73,142.6875,579.15984
1809,73,142.775,579.15984
1810,73,142.8625,579.15984
1811,73,142.9375,579.15984
1812,73,143.025,579.15984
1813,73,143.1125,579.15984
1814,73,143.2,579.15984
1815,73,143.275,579.15984
1816,73,143.3625,579.15984
1817,73,143.45,579.15984
1818,73,143.5375,579.15984
1819,73,143.6125,579.15984
1820,73,143.7,579.15984
1821,73,143.7875,579.15984
1822,73,143.875,579.15984
1823,73,143.9625,579.15984
1824,73,144.0375,579.15984
1825,73,144.125,579.15984
1826,73,144.2125,579.15984
1827,73,144.3,579.15984
1828,73,144.375,579.15984
1829,73,144.4625,579.15984
1830,73,144.55,579.15984
1831,73,144.6375,579.15984
1832,73,144.725,579.15984
1833,73,144.8,579.15984
1834,73,144.8875,579.15984
1835,73,144.975,579.15984
1836,73,145.0625,579.15984
1837,73,145.15,579.15984
1838,73,145.225,579.15984
1839,73,145.3125,579.15984
1840,73,145.4,579.15984
1841,73,145.4875,579.15984
1842,73,145.575,579.15984
1843,73,145.65,579.15984
1844,73,145.7375,579.15984
1845,73,145.825,579.15984
1846,73,145.9125,579.15984
1847,73,146,579.15984
1848,73,146.0875,579.15984
1849,73,146.1625,579.15984
1850,73,146.25,579.15984
1851,73,146.3375,579.15984
1852,73,146.425,579.15984
1853,73,146.5125,579.15984
1854,73,146.6,579.15984
1855,73,146.675,579.15984
1856,73,146.7625,579.15984
1857,73,146.85,579.15984
1858,73,146.9375,579.15984
1859,74,147.025,579.15984
1860,74,147.1125,579.15984
1861,74,147.2,579.15984
1862,74,147.275,579.15984
1863,74,147.3625,579.15984
1864,74,147.45,579.15984
1865,74,147.5375,579.15984
1866,74,147.625,579.15984
1867,74,147.7125,579.15984
1868,74,147.8,579.15984
1869,74,147.8875,579.15984
1870,74,147.975,579.15984
1871,74,148.05,579.15984
1872,74,148.1375,579.15984
1873,74,148.225,579.15984
1874,74,148.3125,579.15984
1875,74,148.4,579.15984
1876,74,148.4875,579.15984
1877,74,148.575,579.15984
1878,74,148.6625,579.15984
1879,74,148.75,579.15984
1880,74,148.8375,579.15984
1881,74,148.925,579.15984
1882,74,149,579.15984
1883,74,149.0875,579.15984
1884,74,149.175,579.15984
1885,75,149.2625,579.15984
1886,75,149.35,579.15984
1887,75,149.4375,579.15984
1888,75,149.525,579.15984
1889,75,149.6125,579.15984
1890,75,149.7,579.15984
1891,75,149.7875,579.15984
1892,75,149.875,579.15984
1893,75,149.9625,579.15984
1894,75,150.05,579.15984
1895,75,150.1375,579.15984
1896,75,150.225,572.26508
1897,75,150.3125,572.26508
1898,75,150.4,572.26508
1899,75,150.4875,572.26508
1900,75,150.575,572.26508
1901,75,150.6625,572.26508
1902,75,150.7375,572.26508
1903,75,150.825,572.26508
1904,75,150.9125,572.26508
1905,75,151,572.26508
1906,75,151.0875,572.26508
1907,75,151.175,572.26508
1908,75,151.2625,572.26508
1909,75,151.35,572.26508
1910,75,151.4375,572.26508
1911,75,151.525,572.26508
1912,76,151.6125,572.26508
1913,76,151.7,572.26508
1914,76,151.7875,572.26508
1915,76,151.875,572.26508
1916,76,151.9625,572.26508
1917,76,152.05,572.26508
1918,76,152.1375,572.26508
1919,76,152.2375,572.26508
1920,76,152.325,572.26508
1921,76,152.4125,572.26508
1922,76,152.5,565.37032
1923,76,152.5875,565.37032
1924,76,152.675,565.37032
1925,76,152.7625,565.37032
1926,76,152.85,565.37032
1927,76,152.9375,565.37032
1928,76,153.025,565.37032
1929,76,153.1125,565.37032
1930,76,153.2,565.37032
1931,76,153.2875,565.37032
1932,76,153.375,565.37032
1933,76,153.4625,565.37032
1934,76,153.55,565.37032
1935,76,153.6375,565.37032
1936,76,153.725,565.37032
1937,76,153.8125,565.37032
1938,76,153.9,565.37032
1939,76,153.9875,565.37032
1940,76,154.0875,565.37032
1941,76,154.175,565.37032
1942,76,154.2625,565.37032
1943,76,154.35,558.47556
1944,76,154.4375,558.47556
1945,76,154.525,558.47556
1946,76,154.6125,558.47556
1947,76,154.7,558.47556
1948,76,154.7875,558.47556
1949,76,154.875,558.47556
1950,76,154.9625,558.47556
1951,76,155.0625,558.47556
1952,76,155.15,558.47556
1953,76,155.2375,558.47556
1954,76,155.325,558.47556
1955,76,155.4125,558.47556
1956,76,155.5,558.47556
1957,76,155.5875,558.47556
1958,76,155.675,558.47556
1959,76,155.7625,558.47556
1960,76,155.8625,558.47556
1961,76,155.95,558.47556
1962,76,156.0375,551.5808
1963,76,156.125,551.5808
1964,76,156.2125,551.5808
1965,76,156.3,551.5808
1966,76,156.3875,551.5808
1967,76,156.475,551.5808
1968,76,156.575,551.5808
1969,76,156.6625,551.5808
1970,76,156.75,551.5808
1971,76,156.8375,551.5808
1972,76,156.925,551.5808
1973,76,157.0125,551.5808
1974,76,157.1,551.5808
1975,76,157.2,551.5808
1976,76,157.2875,551.5808
1977,76,157.375,551.5808
1978,76,157.4625,551.5808
1979,76,157.55,551.5808
1980,76,157.6375,544.68604
1981,76,157.7375,544.68604
1982,76,157.825,544.68604
1983,76,157.9125,544.68604
1984,76,158,544.68604
1985,76,158.0875,544.68604
1986,76,158.175,544.68604
1987,76,158.275,544.68604
1988,76,158.3625,544.68604
1989,76,158.45,544.68604
1990,76,158.5375,544.68604
1991,76,158.625,544.68604
1992,76,158.7125,544.68604
1993,76,158.8125,544.68604
1994,76,158.9,544.68604
1995,76,158.9875,544.68604
1996,76,159.075,544.68604
1997,76,159.1625,544.68604
1998,76,159.25,537.79128
1999,76,159.35,537.79128
2000,76,159.4375,537.79128
2001,76,159.525,537.79128
2002,76,159.6125,537.79128
2003,76,159.7,537.79128
2004,76,159.8,537.79128
2005,76,159.8875,537.79128
2006,76,159.975,537.79128
2007,76,160.0625,537.79128
2008,76,160.15,537.79128
2009,76,160.25,537.79128
2010,76,160.3375,537.79128
2011,76,160.425,537.79128
2012,76,160.5125,537.79128
2013,76,160.6,537.79128
2014,76,160.7,537.79128
2015,76,160.7875,537.79128
2016,75,160.875,537.79128
2017,75,160.9625,530.89652
2018,75,161.05,530.89652
2019,75,161.1375,530.89652
2020,75,161.2375,530.89652
2021,75,161.325,530.89652
2022,75,161.4125,530.89652
2023,75,161.5,530.89652
2024,75,161.5875,530.89652
2025,75,161.6875,530.89652
2026,75,161.775,530.89652
2027,75,161.8625,530.89652
2028,75,161.95,530.89652
2029,75,162.0375,530.89652
2030,75,162.1375,530.89652
2031,75,162.225,530.89652
2032,75,162.3125,530.89652
2033,75,162.4,530.89652
2034,75,162.4875,530.89652
2035,75,162.5875,530.89652
2036,75,162.675,530.89652
2037,75,162.7625,530.89652
2038,75,162.85,524.00176
2039,75,162.9375,524.00176
2040,75,163.0375,524.00176
2041,75,163.125,524.00176
2042,75,163.2125,524.00176
2043,74,163.3,524.00176
2044,74,163.3875,524.00176
2045,74,163.4875,524.00176
2046,74,163.575,524.00176
2047,74,163.6625,524.00176
2048,74,163.75,524.00176
2049,74,163.8375,524.00176
2050,74,163.9375,524.00176
2051,74,164.025,524.00176
2052,74,164.1125,524.00176
2053,74,164.2,524.00176
2054,74,164.2875,524.00176
2055,74,164.3875,524.00176
2056,74,164.475,524.00176
2057,74,164.5625,524.00176
2058,74,164.65,524.00176
2059,74,164.7375,524.00176
2060,74,164.825,524.00176
2061,74,164.925,524.00176
2062,74,165.0125,524.00176
2063,74,165.1,517.107
2064,74,165.1875,517.107
2065,74,165.275,517.107
2066,74,165.375,517.107
2067,74,165.4625,517.107
2068,74,165.55,517.107
2069,73,165.6375,517.107
2070,73,165.725,517.107
2071,73,165.825,517.107
2072,73,165.9125,517.107
2073,73,166,517.107
2074,73,166.0875,517.107
2075,73,166.175,517.107
2076,73,166.275,517.107
2077,73,166.3625,517.107
2078,73,166.45,517.107
2079,73,166.5375,517.107
2080,73,166.625,517.107
2081,73,166.725,517.107
2082,73,166.8125,517.107
2083,73,166.9,517.107
2084,73,166.9875,517.107
2085,73,167.075,517.107
2086,73,167.175,517.107
2087,73,167.2625,517.107
2088,73,167.35,517.107
2089,73,167.4375,517.107
2090,73,167.525,517.107
2091,73,167.6125,517.107
2092,73,167.7125,517.107
2093,73,167.8,517.107
2094,73,167.8875,517.107
2095,73,167.975,517.107
2096,73,168.0625,517.107
2097,73,168.15,517.107
2098,73,168.25,517.107
2099,73,168.3375,517.107
2100,73,168.425,517.107
2101,73,168.5125,517.107
2102,73,168.6,517.107
2103,73,168.6875,517.107
2104,73,168.7875,517.107
2105,73,168.875,517.107
2106,73,168.9625,517.107
2107,73,169.05,517.107
2108,73,169.1375,517.107
2109,73,169.225,517.107
2110,73,169.3125,517.107
2111,73,169.4125,517.107
2112,73,169.5,517.107
2113,73,169.5875,517.107
2114,73,169.675,517.107
2115,73,169.7625,517.107
2116,73,169.85,517.107
2117,73,169.9375,517.107
2118,73,170.0375,517.107
2119,73,170.125,517.107
2120,73,170.2125,517.107
2121,73,170.3,517.107
2122,73,170.3875,517.107
2123,73,170.475,517.107
2124,73,170.5625,517.107
2125,73,170.65,517.107
2126,73,170.75,517.107
2127,73,170.8375,517.107
2128,73,170.925,517.107
2129,73,171.0125,517.107
2130,73,171.1,517.107
2131,73,171.1875,517.107
2132,73,171.275,517.107
2133,73,171.3625,517.107
2134,73,171.45,517.107
2135,73,171.55,517.107
2136,73,171.6375,517.107
2137,73,171.725,517.107
2138,73,171.8125,517.107
2139,73,171.9,517.107
2140,73,171.9875,517.107
2141,73,172.075,517.107
2142,73,172.1625,517.107
2143,73,172.25,517.107
2144,73,172.3375,517.107
2145,73,172.425,517.107
2146,73,172.5125,517.107
2147,73,172.6,517.107
2148,73,172.7,517.107
2149,73,172.7875,517.107
2150,73,172.875,517.107
2151,73,172.9625,517.107
2152,73,173.05,517.107
2153,73,173.1375,517.107
2154,73,173.225,517.107
2155,73,173.3125,517.107
2156,73,173.4,517.107
2157,73,173.4875,517.107
2158,73,173.575,517.107
2159,73,173.6625,517.107
2160,73,173.75,517.107
2161,73,173.8375,517.107
2162,73,173.925,517.107
2163,73,174.0125,517.107
2164,73,174.1,517.107
2165,73,174.1875,517.107
2166,73,174.275,517.107
2167,73,174.3625,517.107
2168,73,174.45,517.107
2169,73,174.5375,517.107
2170,73,174.625,517.107
2171,73,174.7125,517.107
2172,73,174.8,517.107
2173,74,174.8875,517.107
2174,74,174.975,517.107
2175,74,175.0625,517.107
2176,74,175.15,517.107
2177,74,175.2375,517.107
2178,74,175.325,517.107
2179,74,175.4125,524.00176
2180,74,175.5,524.00176
2181,74,175.5875,524.00176
2182,74,175.675,524.00176
2183,74,175.7625,524.00176
2184,74,175.85,524.00176
2185,74,175.9375,524.00176
2186,74,176.025,524.00176
2187,74,176.1125,524.00176
2188,74,176.2,524.00176
2189,74,176.2875,524.00176
2190,74,176.375,524.00176
2191,74,176.4625,524.00176
2192,74,176.55,524.00176
2193,74,176.6375,524.00176
2194,74,176.725,524.00176
2195,74,176.8125,524.00176
2196,74,176.9,524.00176
2197,74,176.9875,524.00176
2198,74,177.075,524.00176
2199,74,177.15,524.00176
2200,75,177.2375,524.00176
2201,75,177.325,524.00176
2202,75,177.4125,524.00176
2203,75,177.5,524.00176
2204,75,177.5875,524.00176
2205,75,177.675,530.89652
2206,75,177.7625,530.89652
2207,75,177.85,530.89652
2208,75,177.9375,530.89652
2209,75,178.025,530.89652
2210,75,178.1125,530.89652
2211,75,178.1875,530.89652
2212,75,178.275,530.89652
2213,75,178.3625,530.89652
2214,75,178.45,530.89652
2215,75,178.5375,530.89652
2216,75,178.625,530.89652
2217,75,178.7125,530.89652
2218,75,178.8,530.89652
2219,75,178.8875,530.89652
2220,75,178.9625,530.89652
2221,75,179.05,530.89652
2222,75,179.1375,530.89652
2223,75,179.225,530.89652
2224,75,179.3125,530.89652
2225,75,179.4,537.79128
2226,76,179.4875,537.79128
2227,76,179.5625,537.79128
2228,76,179.65,537.79128
2229,76,179.7375,537.79128
2230,76,179.825,537.79128
2231,76,179.9125,537.79128
2232,76,180,537.79128
2233,76,180.075,537.79128
2234,76,180.1625,537.79128
2235,76,180.25,537.79128
2236,76,180.3375,537.79128
2237,76,180.425,537.79128
2238,76,180.5125,537.79128
2239,76,180.5875,537.79128
2240,76,180.675,537.79128
2241,76,180.7625,537.79128
2242,76,180.85,537.79128
2243,76,180.9375,537.79128
2244,76,181.025,544.68604
2245,76,181.1,544.68604
2246,76,181.1875,544.68604
2247,76,181.275,544.68604
2248,76,181.3625,544.68604
2249,76,181.45,544.68604
2250,76,181.525,544.68604
2251,76,181.6125,544.68604
2252,76,181.7,544.68604
2253,76,181.7875,544.68604
2254,76,181.875,544.68604
2255,76,181.95,544.68604
2256,76,182.0375,544.68604
2257,76,182.125,544.68604
2258,76,182.2125,544.68604
2259,76,182.2875,544.68604
2260,76,182.375,544.68604
2261,76,182.4625,544.68604
2262,76,182.55,551.5808
2263,76,182.6375,551.5808
2264,76,182.7125,551.5808
2265,76,182.8,551.5808
2266,76,182.8875,551.5808
2267,76,182.975,551.5808
2268,76,183.05,551.5808
2269,76,183.1375,551.5808
2270,76,183.225,551.5808
2271,76,183.3125,551.5808
2272,76,183.3875,551.5808
2273,76,183.475,551.5808
2274,76,183.5625,551.5808
2275,76,183.65,551.5808
2276,76,183.725,551.5808
2277,76,183.8125,551.5808
2278,76,183.9,551.5808
2279,76,183.975,551.5808
2280,76,184.0625,551.5808
2281,76,184.15,558.47556
2282,76,184.2375,558.47556
2283,76,184.3125,558.47556
2284,76,184.4,558.47556
2285,76,184.4875,558.47556
2286,76,184.5625,558.47556
2287,76,184.65,558.47556
2288,76,184.7375,558.47556
2289,76,184.825,558.47556
2290,76,184.9,558.47556
2291,76,184.9875,558.47556
2292,76,185.075,558.47556
2293,76,185.15,558.47556
2294,76,185.2375,558.47556
2295,76,185.325,558.47556
2296,76,185.4125,558.47556
2297,76,185.4875,558.47556
2298,76,185.575,558.47556
2299,76,185.6625,565.37032
2300,76,185.7375,565.37032
2301,76,185.825,565.37032
2302,76,185.9125,565.37032
2303,76,185.9875,565.37032
2304,76,186.075,565.37032
2305,76,186.1625,565.37032
2306,76,186.25,565.37032
2307,76,186.325,565.37032
2308,76,186.4125,565.37032
2309,76,186.5,565.37032
2310,76,186.575,565.37032
2311,76,186.6625,565.37032
2312,76,186.75,565.37032
2313,76,186.825,565.37032
2314,76,186.9125,565.37032
2315,76,187,565.37032
2316,76,187.075,565.37032
2317,76,187.1625,565.37032
2318,76,187.25,565.37032
2319,76,187.325,565.37032
2320,76,187.4125,572.26508
2321,76,187.5,572.26508
2322,76,187.575,572.26508
2323,76,187.6625,572.26508
2324,76,187.75,572.26508
2325,76,187.825,572.26508
2326,76,187.9125,572.26508
2327,76,188,572.26508
2328,76,188.075,572.26508
2329,76,188.1625,572.26508
2330,76,188.25,572.26508
2331,75,188.325,572.26508
2332,75,188.4125,572.26508
2333,75,188.5,572.26508
2334,75,188.575,572.26508
2335,75,188.6625,572.26508
2336,75,188.75,572.26508
2337,75,188.825,572.26508
2338,75,188.9125,572.26508
2339,75,189,572.26508
2340,75,189.075,572.26508
2341,75,189.1625,572.26508
2342,75,189.25,572.26508
2343,75,189.325,572.26508
2344,75,189.4125,572.26508
2345,75,189.5,572.26508
2346,75,189.575,579.15984
2347,75,189.6625,579.15984
2348,75,189.75,579.15984
2349,75,189.825,579.15984
2350,75,189.9125,579.15984
2351,75,190,579.15984
2352,75,190.075,579.15984
2353,75,190.1625,579.15984
2354,75,190.25,579.15984
2355,75,190.325,579.15984
2356,75,190.4125,579.15984
2357,74,190.5,579.15984
2358,74,190.575,579.15984
2359,74,190.6625,579.15984
2360,74,190.75,579.15984
2361,74,190.825,579.15984
2362,74,190.9125,579.15984
2363,74,191,579.15984
2364,74,191.075,579.15984
2365,74,191.1625,579.15984
2366,74,191.25,579.15984
2367,74,191.325,579.15984
2368,74,191.4125,579.15984
2369,74,191.5,579.15984
2370,74,191.575,579.15984
2371,74,191.6625,579.15984
2372,74,191.75,579.15984
2373,74,191.825,579.15984
2374,74,191.9125,579.15984
2375,74,192,579.15984
2376,74,192.075,579.15984
2377,74,192.1625,579.15984
2378,74,192.25,579.15984
2379,74,192.325,579.15984
2380,74,192.4125,579.15984
2381,74,192.5,579.15984
2382,74,192.575,579.15984
2383,73,192.6625,579.15984
2384,73,192.75,579.15984
2385,73,192.825,579.15984
2386,73,192.9125,579.15984
2387,73,193,579.15984
2388,73,193.075,579.15984
2389,73,193.1625,579.15984
2390,73,193.25,579.15984
2391,73,193.325,579.15984
2392,73,193.4125,579.15984
2393,73,193.5,579.15984
2394,73,193.575,579.15984
2395,73,193.6625,579.15984
2396,73,193.75,579.15984
2397,73,193.825,579.15984
2398,73,193.9125,579.15984
2399,73,194,579.15984
2400,73,194.075,579.15984
2401,73,194.1625,579.15984
2402,73,194.25,579.15984
2403,73,194.325,579.15984
2404,73,194.4125,579.15984
2405,73,194.5,579.15984
2406,73,194.575,579.15984
2407,73,194.6625,579.15984
2408,73,194.75,579.15984
2409,73,194.8375,579.15984
2410,73,194.9125,579.15984
2411,73,195,579.15984
2412,73,195.0875,579.15984
2413,73,195.1625,579.15984
2414,73,195.25,579.15984
2415,73,195.3375,579.15984
2416,73,195.4125,579.15984
2417,73,195.5,579.15984
2418,73,195.5875,579.15984
2419,73,195.6625,579.15984
2420,73,195.75,579.15984
2421,73,195.8375,579.15984
2422,73,195.925,579.15984
2423,73,196,579.15984
2424,73,196.0875,579.15984
2425,73,196.175,579.15984
2426,73,196.2625,579.15984
2427,73,196.3375,579.15984
2428,73,196.425,579.15984
2429,73,196.5125,579.15984
2430,73,196.5875,579.15984
2431,73,196.675,579.15984
2432,73,196.7625,579.15984
2433,73,196.85,579.15984
2434,73,196.925,579.15984
2435,73,197.0125,579.15984
2436,73,197.1,579.15984
2437,73,197.1875,579.15984
2438,73,197.2625,579.15984
2439,73,197.35,579.15984
2440,73,197.4375,579.15984
2441,73,197.525,579.15984
2442,73,197.6,579.15984
2443,73,197.6875,579.15984
2444,73,197.775,579.15984
2445,73,197.8625,579.15984
2446,73,197.9375,579.15984
2447,73,198.025,579.15984
2448,73,198.1125,579.15984
2449,73,198.2,579.15984
2450,73,198.275,579.15984
2451,73,198.3625,579.15984
2452,73,198.45,579.15984
2453,73,198.5375,579.15984
2454,73,198.6125,579.15984
2455,73,198.7,579.15984
2456,73,198.7875,579.15984
2457,73,198.875,579.15984
2458,73,198.9625,579.15984
2459,73,199.0375,579.15984
2460,73,199.125,579.15984
2461,73,199.2125,579.15984
2462,73,199.3,572.26508
2463,73,199.3875,572.26508
2464,73,199.4625,572.26508
2465,73,199.55,572.26508
2466,73,199.6375,572.26508
2467,73,199.725,572.26508
2468,73,199.8125,572.26508
2469,73,199.8875,572.26508
2470,73,199.975,572.26508
2471,73,200.0625,572.26508
2472,73,200.15,572.26508
2473,73,200.2375,572.26508
2474,73,200.3125,572.26508
2475,73,200.4,572.26508
2476,73,200.4875,572.26508
2477,73,200.575,572.26508
2478,73,200.6625,572.26508
2479,73,200.75,572.26508
2480,73,200.825,572.26508
2481,73,200.9125,572.26508
2482,73,201,572.26508
2483,73,201.0875,572.26508
2484,73,201.175,572.26508
2485,73,201.2625,572.26508
2486,73,201.35,572.26508
2487,73,201.425,565.37032
2488,74,201.5125,565.37032
2489,74,201.6,565.37032
2490,74,201.6875,565.37032
2491,74,201.775,565.37032
2492,74,201.8625,565.37032
2493,74,201.95,565.37032
2494,74,202.025,565.37032
2495,74,202.1125,565.37032
2496,74,202.2,565.37032
2497,74,202.2875,565.37032
2498,74,202.375,565.37032
2499,74,202.4625,565.37032
2500,74,202.55,565.37032
2501,74,202.6375,565.37032
2502,74,202.725,565.37032
2503,74,202.8,565.37032
2504,74,202.8875,565.37032
2505,74,202.975,565.37032
2506,74,203.0625,565.37032
2507,74,203.15,565.37032
2508,74,203.2375,558.47556
2509,74,203.325,558.47556
2510,74,203.4125,558.47556
2511,74,203.5,558.47556
2512,74,203.5875,558.47556
2513,74,203.675,558.47556
2514,75,203.7625,558.47556
2515,75,203.85,558.47556
2516,75,203.925,558.47556
2517,75,204.0125,558.47556
2518,75,204.1,558.47556
2519,75,204.1875,558.47556
2520,75,204.275,558.47556
2521,75,204.3625,558.47556
2522,75,204.45,558.47556
2523,75,204.5375,558.47556
2524,75,204.625,558.47556
2525,75,204.7125,558.47556
2526,75,204.8,558.47556
2527,75,204.8875,551.5808
2528,75,204.975,551.5808
2529,75,205.0625,551.5808
2530,75,205.15,551.5808
2531,75,205.2375,551.5808
2532,75,205.325,551.5808
2533,75,205.4125,551.5808
2534,75,205.5,551.5808
2535,75,205.5875,551.5808
2536,75,205.675,551.5808
2537,75,205.7625,551.5808
2538,75,205.85,551.5808
2539,75,205.9375,551.5808
2540,76,206.025,551.5808
2541,76,206.1125,551.5808
2542,76,206.2,551.5808
2543,76,206.2875,551.5808
2544,76,206.375,551.5808
2545,76,206.4625,544.68604
2546,76,206.55,544.68604
2547,76,206.6375,544.68604
2548,76,206.725,544.68604
2549,76,206.8125,544.68604
2550,76,206.9,544.68604
2551,76,206.9875,544.68604
2552,76,207.075,544.68604
2553,76,207.1625,544.68604
2554,76,207.25,544.68604
2555,76,207.3375,544.68604
2556,76,207.425,544.68604
2557,76,207.5125,544.68604
2558,76,207.6,544.68604
2559,76,207.6875,544.68604
2560,76,207.775,544.68604
2561,76,207.8625,544.68604
2562,76,207.9625,544.68604
2563,76,208.05,537.79128
2564,76,208.1375,537.79128
2565,76,208.225,537.79128
2566,76,208.3125,537.79128
2567,76,208.4,537.79128
2568,76,208.4875,537.79128
2569,76,208.575,537.79128
2570,76,208.6625,537.79128
2571,76,208.75,537.79128
2572,76,208.8375,537.79128
2573,76,208.925,537.79128
2574,76,209.0125,537.79128
2575,76,209.1125,537.79128
2576,76,209.2,537.79128
2577,76,209.2875,537.79128
2578,76,209.375,537.79128
2579,76,209.4625,537.79128
2580,76,209.55,537.79128
2581,76,209.6375,537.79128
2582,76,209.725,530.89652
2583,76,209.8125,530.89652
2584,76,209.9,530.89652
2585,76,210,530.89652
2586,76,210.0875,530.89652
2587,76,210.175,530.89652
2588,76,210.2625,530.89652
2589,76,210.35,530.89652
2590,76,210.4375,530.89652
2591,76,210.525,530.89652
2592,76,210.6125,530.89652
2593,76,210.7125,530.89652
2594,76,210.8,530.89652
2595,76,210.8875,530.89652
2596,76,210.975,530.89652
2597,76,211.0625,530.89652
2598,76,211.15,530.89652
2599,76,211.2375,530.89652
2600,76,211.3375,530.89652
2601,76,211.425,530.89652
2602,76,211.5125,530.89652
2603,76,211.6,524.00176
2604,76,211.6875,524.00176
2605,76,211.775,524.00176
2606,76,211.8625,524.00176
2607,76,211.9625,524.00176
2608,76,212.05,524.00176
2609,76,212.1375,524.00176
2610,76,212.225,524.00176
2611,76,212.3125,524.00176
2612,76,212.4,524.00176
2613,76,212.5,524.00176
2614,76,212.5875,524.00176
2615,76,212.675,524.00176
2616,76,212.7625,524.00176
2617,76,212.85,524.00176
2618,76,212.9375,524.00176
2619,76,213.0375,524.00176
2620,76,213.125,524.00176
2621,76,213.2125,524.00176
2622,76,213.3,524.00176
2623,76,213.3875,524.00176
2624,76,213.475,524.00176
2625,76,213.575,524.00176
2626,76,213.6625,524.00176
2627,76,213.75,524.00176
2628,76,213.8375,524.00176
2629,76,213.925,517.107
2630,76,214.025,517.107
2631,76,214.1125,517.107
2632,76,214.2,517.107
2633,76,214.2875,517.107
2634,76,214.375,517.107
2635,76,214.4625,517.107
2636,76,214.5625,517.107
2637,76,214.65,517.107
2638,76,214.7375,517.107
2639,76,214.825,517.107
2640,76,214.9125,517.107
2641,76,215.0125,517.107
2642,76,215.1,517.107
2643,76,215.1875,517.107
2644,76,215.275,517.107
2645,75,215.3625,517.107
2646,75,215.4625,517.107
2647,75,215.55,517.107
2648,75,215.6375,517.107
2649,75,215.725,517.107
2650,75,215.8125,517.107
2651,75,215.9125,517.107
2652,75,216,517.107
2653,75,216.0875,517.107
2654,75,216.175,517.107
2655,75,216.2625,517.107
2656,75,216.3625,517.107
2657,75,216.45,517.107
2658,75,216.5375,517.107
2659,75,216.625,517.107
2660,75,216.7125,517.107
2661,75,216.8125,517.107
2662,75,216.9,517.107
2663,75,216.9875,517.107
2664,75,217.075,517.107
2665,75,217.1625,517.107
2666,75,217.2625,517.107
2667,75,217.35,517.107
2668,75,217.4375,517.107
2669,75,217.525,517.107
2670,75,217.6125,517.107
2671,74,217.7,517.107
2672,74,217.8,517.107
2673,74,217.8875,517.107
2674,74,217.975,517.107
2675,74,218.0625,517.107
2676,74,218.15,517.107
2677,74,218.25,517.107
2678,74,218.3375,517.107
2679,74,218.425,517.107
2680,74,218.5125,517.107
2681,74,218.6,517.107
2682,74,218.7,517.107
2683,74,218.7875,517.107
2684,74,218.875,517.107
2685,74,218.9625,517.107
2686,74,219.05,517.107
2687,74,219.15,517.107
2688,74,219.2375,517.107
2689,74,219.325,517.107
2690,74,219.4125,517.107
2691,74,219.5,517.107
2692,74,219.6,517.107
2693,74,219.6875,517.107
2694,74,219.775,517.107
2695,74,219.8625,517.107
2696,74,219.95,517.107
2697,73,220.05,517.107
2698,73,220.1375,517.107
2699,73,220.225,517.107
2700,73,220.3125,517.107
2701,73,220.4,517.107
2702,73,220.5,517.107
2703,73,220.5875,517.107
2704,73,220.675,517.107
2705,73,220.7625,517.107
2706,73,220.85,517.107
2707,73,220.9375,517.107
2708,73,221.0375,517.107
2709,73,221.125,517.107
2710,73,221.2125,517.107
2711,73,221.3,517.107
2712,73,221.3875,517.107
2713,73,221.4875,517.107
2714,73,221.575,517.107
2715,73,221.6625,517.107
2716,73,221.75,517.107
2717,73,221.8375,517.107
2718,73,221.9375,517.107
2719,73,222.025,517.107
2720,73,222.1125,517.107
2721,73,222.2,517.107
2722,73,222.2875,517.107
2723,73,222.375,517.107
2724,73,222.475,517.107
2725,73,222.5625,517.107
2726,73,222.65,517.107
2727,73,222.7375,517.107
2728,73,222.825,517.107
2729,73,222.9125,517.107
2730,73,223.0125,517.107
2731,73,223.1,517.107
2732,73,223.1875,517.107
2733,73,223.275,517.107
2734,73,223.3625,517.107
2735,73,223.45,517.107
2736,73,223.5375,517.107
2737,73,223.6375,517.107
2738,73,223.725,517.107
2739,73,223.8125,517.107
2740,73,223.9,517.107
2741,73,223.9875,517.107
2742,73,224.075,517.107
2743,73,224.1625,517.107
2744,73,224.2625,524.00176
2745,73,224.35,524.00176
2746,73,224.4375,524.00176
2747,73,224.525,524.00176
2748,73,224.6125,524.00176
2749,73,224.7,524.00176
2750,73,224.7875,524.00176
2751,73,224.8875,524.00176
2752,73,224.975,524.00176
2753,73,225.0625,524.00176
2754,73,225.15,524.00176
2755,73,225.2375,524.00176
2756,73,225.325,524.00176
2757,73,225.4125,524.00176
2758,73,225.5,524.00176
2759,73,225.5875,524.00176
2760,73,225.6875,524.00176
2761,73,225.775,524.00176
2762,73,225.8625,524.00176
2763,73,225.95,524.00176
2764,73,226.0375,524.00176
2765,73,226.125,524.00176
2766,73,226.2125,524.00176
2767,73,226.3,524.00176
2768,73,226.3875,524.00176
2769,73,226.475,524.00176
2770,73,226.5625,530.89652
2771,73,226.6625,530.89652
2772,73,226.75,530.89652
2773,73,226.8375,530.89652
2774,73,226.925,530.89652
2775,73,227.0125,530.89652
2776,73,227.1,530.89652
2777,73,227.1875,530.89652
2778,73,227.275,530.89652
2779,73,227.3625,530.89652
2780,73,227.45,530.89652
2781,73,227.5375,530.89652
2782,73,227.625,530.89652
2783,73,227.7125,530.89652
2784,73,227.8,530.89652
2785,73,227.8875,530.89652
2786,73,227.975,530.89652
2787,73,228.0625,530.89652
2788,73,228.1625,530.89652
2789,73,228.25,530.89652
2790,73,228.3375,530.89652
2791,73,228.425,537.79128
2792,73,228.5125,537.79128
2793,73,228.6,537.79128
2794,73,228.6875,537.79128
2795,73,228.775,537.79128
2796,73,228.8625,537.79128
2797,73,228.95,537.79128
2798,73,229.0375,537.79128
2799,73,229.125,537.79128
2800,73,229.2125,537.79128
2801,73,229.3,537.79128
2802,74,229.3875,537.79128
2803,74,229.475,537.79128
2804,74,229.5625,537.79128
2805,74,229.65,537.79128
2806,74,229.7375,537.79128
2807,74,229.825,537.79128
2808,74,229.9125,537.79128
2809,74,230,537.79128
2810,74,230.0875,544.68604
2811,74,230.175,544.68604
2812,74,230.2625,544.68604
2813,74,230.35,544.68604
2814,74,230.4375,544.68604
2815,74,230.525,544.68604
2816,74,230.6,544.68604
2817,74,230.6875,544.68604
2818,74,230.775,544.68604
2819,74,230.8625,544.68604
2820,74,230.95,544.68604
2821,74,231.0375,544.68604
2822,74,231.125,544.68604
2823,74,231.2125,544.68604
2824,74,231.3,544.68604
2825,74,231.3875,544.68604
2826,74,231.475,544.68604
2827,74,231.5625,544.68604
2828,75,231.65,551.5808
2829,75,231.7375,551.5808
2830,75,231.825,551.5808
2831,75,231.9125,551.5808
2832,75,231.9875,551.5808
2833,75,232.075,551.5808
2834,75,232.1625,551.5808
2835,75,232.25,551.5808
2836,75,232.3375,551.5808
2837,75,232.425,551.5808
2838,75,232.5125,551.5808
2839,75,232.6,551.5808
2840,75,232.6875,551.5808
2841,75,232.775,551.5808
2842,75,232.8625,551.5808
2843,75,232.9375,551.5808
2844,75,233.025,551.5808
2845,75,233.1125,551.5808
2846,75,233.2,558.47556
2847,75,233.2875,558.47556
2848,75,233.375,558.47556
2849,75,233.4625,558.47556
2850,75,233.55,558.47556
2851,75,233.625,558.47556
2852,75,233.7125,558.47556
2853,75,233.8,558.47556
2854,76,233.8875,558.47556
2855,76,233.975,558.47556
2856,76,234.0625,558.47556
2857,76,234.15,558.47556
2858,76,234.225,558.47556
2859,76,234.3125,558.47556
2860,76,234.4,558.47556
2861,76,234.4875,558.47556
2862,76,234.575,558.47556
2863,76,234.6625,558.47556
2864,76,234.7375,558.47556
2865,76,234.825,565.37032
2866,76,234.9125,565.37032
2867,76,235,565.37032
2868,76,235.0875,565.37032
2869,76,235.175,565.37032
2870,76,235.25,565.37032
2871,76,235.3375,565.37032
2872,76,235.425,565.37032
2873,76,235.5125,565.37032
2874,76,235.6,565.37032
2875,76,235.675,565.37032
2876,76,235.7625,565.37032
2877,76,235.85,565.37032
2878,76,235.9375,565.37032
2879,76,236.025,565.37032
2880,76,236.1,565.37032
2881,76,236.1875,565.37032
2882,76,236.275,565.37032
2883,76,236.3625,565.37032
2884,76,236.4375,565.37032
2885,76,236.525,565.37032
2886,76,236.6125,572.26508
2887,76,236.7,572.26508
2888,76,236.7875,572.26508
2889,76,236.8625,572.26508
2890,76,236.95,572.26508
2891,76,237.0375,572.26508
2892,76,237.125,572.26508
2893,76,237.2,572.26508
2894,76,237.2875,572.26508
2895,76,237.375,572.26508
2896,76,237.4625,572.26508
2897,76,237.5375,572.26508
2898,76,237.625,572.26508
2899,76,237.7125,572.26508
2900,76,237.8,572.26508
2901,76,237.875,572.26508
2902,76,237.9625,572.26508
2903,76,238.05,572.26508
2904,76,238.1375,572.26508
2905,76,238.2125,572.26508
2906,76,238.3,572.26508
2907,76,238.3875,572.26508
2908,76,238.475,572.26508
2909,76,238.55,572.26508
2910,76,238.6375,572.26508
2911,76,238.725,579.15984
2912,76,238.8,579.15984
2913,76,238.8875,579.15984
2914,76,238.975,579.15984
2915,76,239.0625,579.15984
2916,76,239.1375,579.15984
2917,76,239.225,579.15984
2918,76,239.3125,579.15984
2919,76,239.4,579.15984
2920,76,239.475,579.15984
2921,76,239.5625,579.15984
2922,76,239.65,579.15984
2923,76,239.725,579.15984
2924,76,239.8125,579.15984
2925,76,239.9,579.15984
2926,76,239.975,579.15984
2927,76,240.0625,579.15984
2928,76,240.15,579.15984
2929,76,240.225,579.15984
2930,76,240.3125,579.15984
2931,76,240.4,579.15984
2932,76,240.4875,579.15984
2933,76,240.5625,579.15984
2934,76,240.65,579.15984
2935,76,240.7375,579.15984
2936,76,240.8125,579.15984
2937,76,240.9,579.15984
2938,76,240.9875,579.15984
2939,76,241.0625,579.15984
2940,76,241.15,579.15984
2941,76,241.2375,579.15984
2942,76,241.3125,579.15984
2943,76,241.4,579.15984
2944,76,241.4875,579.15984
2945,76,241.5625,579.15984
2946,76,241.65,579.15984
2947,76,241.7375,579.15984
2948,76,241.8125,579.15984
2949,76,241.9,579.15984
2950,76,241.9875,579.15984
2951,76,242.0625,579.15984
2952,76,242.15,579.15984
2953,76,242.2375,579.15984
2954,76,242.3125,579.15984
2955,76,242.4,579.15984
2956,76,242.4875,579.15984
2957,76,242.5625,579.15984
2958,76,242.65,579.15984
2959,75,242.7375,579.15984
2960,75,242.8125,579.15984
2961,75,242.9,579.15984
2962,75,242.9875,579.15984
2963,75,243.0625,579.15984
2964,75,243.15,579.15984
2965,75,243.2375,579.15984
2966,75,243.3125,579.15984
2967,75,243.4,579.15984
2968,75,243.4875,579.15984
2969,75,243.5625,579.15984
2970,75,243.65,579.15984
2971,75,243.7375,579.15984
2972,75,243.8125,579.15984
2973,75,243.9,579.15984
2974,75,243.9875,579.15984
2975,75,244.0625,579.15984
2976,75,244.15,579.15984
2977,75,244.2375,579.15984
2978,75,244.3125,579.15984
2979,75,244.4,579.15984
2980,75,244.4875,579.15984
2981,75,244.5625,579.15984
2982,75,244.65,579.15984
2983,75,244.7375,579.15984
2984,75,244.8125,579.15984
2985,74,244.9,579.15984
2986,74,244.9875,579.15984
2987,74,245.0625,579.15984
2988,74,245.15,579.15984
2989,74,245.2375,579.15984
2990,74,245.3125,579.15984
2991,74,245.4,579.15984
2992,74,245.4875,579.15984
2993,74,245.5625,579.15984
2994,74,245.65,579.15984
2995,74,245.7375,579.15984
2996,74,245.8125,579.15984
2997,74,245.9,579.15984
2998,74,245.9875,579.15984
2999,74,246.0625,579.15984
3000,74,246.15,579.15984
3001,49,246.2,358.52752
3002,49,246.25,358.52752
3003,49,246.3,358.52752
3004,49,246.3625,358.52752
3005,49,246.4125,358.52752
3006,49,246.4625,358.52752
3007,49,246.5125,351.63276
3008,49,246.5625,351.63276
3009,49,246.6125,351.63276
3010,49,246.6625,351.63276
3011,49,246.725,351.63276
3012,49,246.775,351.63276
3013,49,246.825,351.63276
3014,49,246.875,351.63276
3015,49,246.925,351.63276
3016,50,246.975,351.63276
3017,50,247.025,351.63276
3018,50,247.0875,351.63276
3019,50,247.1375,351.63276
3020,50,247.1875,351.63276
3021,50,247.2375,351.63276
3022,50,247.2875,351.63276
3023,50,247.3375,351.63276
3024,50,247.4,351.63276
3025,50,247.45,351.63276
3026,50,247.5,351.63276
3027,50,247.55,351.63276
3028,50,247.6,351.63276
3029,50,247.65,351.63276
3030,50,247.7125,351.63276
3031,50,247.7625,351.63276
3032,50,247.8125,351.63276
3033,50,247.8625,351.63276
3034,50,247.9125,351.63276
3035,50,247.975,351.63276
3036,50,248.025,351.63276
3037,50,248.075,351.63276
3038,50,248.125,351.63276
3039,50,248.175,351.63276
3040,50,248.2375,351.63276
3041,50,248.2875,351.63276
3042,50,248.3375,351.63276
3043,50,248.3875,351.63276
3044,50,248.4375,351.63276
3045,50,248.5,351.63276
3046,50,248.55,351.63276
3047,50,248.6,351.63276
3048,51,248.65,351.63276
3049,51,248.7125,351.63276
3050,51,248.7625,351.63276
3051,51,248.8125,351.63276
3052,51,248.8625,351.63276
3053,51,248.9125,351.63276
3054,51,248.975,351.63276
3055,51,249.025,351.63276
3056,51,249.075,351.63276
3057,51,249.125,351.63276
3058,51,249.1875,351.63276
3059,51,249.2375,351.63276
3060,51,249.2875,351.63276
3061,51,249.3375,351.63276
3062,51,249.4,351.63276
3063,51,249.45,351.63276
3064,51,249.5,351.63276
3065,51,249.55,351.63276
3066,51,249.6125,351.63276
3067,51,249.6625,351.63276
3068,51,249.7125,351.63276
3069,51,249.7625,351.63276
3070,51,249.825,351.63276
3071,51,249.875,351.63276
3072,51,249.925,351.63276
3073,51,249.9875,358.52752
3074,51,250.0375,358.52752
3075,51,250.0875,358.52752
3076,51,250.1375,358.52752
3077,51,250.2,358.52752
3078,51,250.25,358.52752
3079,51,250.3,358.52752
3080,51,250.35,358.52752
3081,51,250.4125,358.52752
3082,51,250.4625,358.52752
3083,51,250.5125,358.52752
3084,51,250.575,358.52752
3085,51,250.625,358.52752
3086,51,250.675,358.52752
3087,51,250.725,365.42228
3088,51,250.7875,365.42228
3089,51,250.8375,365.42228
3090,51,250.8875,365.42228
3091,51,250.95,365.42228
3092,51,251,365.42228
3093,51,251.05,365.42228
3094,51,251.1,365.42228
3095,51,251.1625,365.42228
3096,51,251.2125,365.42228
3097,51,251.2625,365.42228
3098,51,251.3125,365.42228
3099,51,251.375,372.31704
3100,51,251.425,372.31704
3101,51,251.475,372.31704
3102,51,251.5375,372.31704
3103,51,251.5875,372.31704
3104,51,251.6375,372.31704
3105,51,251.6875,372.31704
3106,51,251.75,372.31704
3107,51,251.8,372.31704
3108,51,251.85,372.31704
3109,51,251.9125,372.31704
3110,51,251.9625,372.31704
3111,51,252.0125,379.2118
3112,51,252.0625,379.2118
3113,51,252.125,379.2118
3114,51,252.175,379.2118
3115,51,252.225,379.2118
3116,51,252.275,379.2118
3117,51,252.3375,379.2118
3118,51,252.3875,379.2118
3119,51,252.4375,379.2118
3120,51,252.5,379.2118
3121,51,252.55,379.2118
3122,51,252.6,386.10656
3123,51,252.65,386.10656
3124,51,252.7125,386.10656
3125,51,252.7625,386.10656
3126,51,252.8125,386.10656
3127,51,252.875,386.10656
3128,51,252.925,386.10656
3129,51,252.975,386.10656
3130,51,253.025,386.10656
3131,51,253.0875,386.10656
3132,51,253.1375,386.10656
3133,51,253.1875,386.10656
3134,51,253.2375,393.00132
3135,51,253.3,393.00132
3136,51,253.35,393.00132
3137,51,253.4,393.00132
3138,51,253.4625,393.00132
3139,51,253.5125,393.00132
3140,51,253.5625,393.00132
3141,51,253.6125,393.00132
3142,51,253.675,393.00132
3143,51,253.725,393.00132
3144,51,253.775,393.00132
3145,51,253.8375,393.00132
3146,51,253.8875,393.00132
3147,51,253.9375,393.00132
3148,51,253.9875,393.00132
3149,51,254.05,399.89608
3150,51,254.1,399.89608
3151,51,254.15,399.89608
3152,51,254.2,399.89608
3153,51,254.2625,399.89608
3154,51,254.3125,399.89608
3155,51,254.3625,399.89608
3156,51,254.4125,399.89608
3157,51,254.475,399.89608
3158,51,254.525,399.89608
3159,51,254.575,399.89608
3160,51,254.625,399.89608
3161,51,254.6875,399.89608
3162,51,254.7375,399.89608
3163,51,254.7875,399.89608
3164,51,254.8375,399.89608
3165,51,254.9,399.89608
3166,51,254.95,399.89608
3167,51,255,399.89608
3168,51,255.05,399.89608
3169,51,255.1,399.89608
3170,51,255.1625,399.89608
3171,51,255.2125,399.89608
3172,51,255.2625,399.89608
3173,51,255.3125,399.89608
3174,50,255.375,399.89608
3175,50,255.425,399.89608
3176,50,255.475,399.89608
3177,50,255.525,399.89608
3178,50,255.575,399.89608
3179,50,255.6375,399.89608
3180,50,255.6875,399.89608
3181,50,255.7375,399.89608
3182,50,255.7875,399.89608
3183,50,255.8375,399.89608
3184,50,255.9,399.89608
3185,50,255.95,399.89608
3186,50,256,399.89608
3187,50,256.05,399.89608
3188,50,256.1,399.89608
3189,50,256.1625,399.89608
3190,50,256.2125,399.89608
3191,50,256.2625,399.89608
3192,50,256.3125,399.89608
3193,50,256.3625,399.89608
3194,50,256.425,399.89608
3195,50,256.475,399.89608
3196,50,256.525,399.89608
3197,50,256.575,399.89608
3198,50,256.625,399.89608
3199,50,256.675,399.89608
3200,50,256.7375,399.89608
3201,50,256.7875,399.89608
3202,50,256.8375,399.89608
3203,50,256.8875,399.89608
3204,50,256.9375,399.89608
3205,49,256.9875,399.89608
3206,49,257.05,399.89608
3207,49,257.1,399.89608
3208,49,257.15,399.89608
3209,49,257.2,399.89608
3210,49,257.25,399.89608
3211,49,257.3,399.89608
3212,49,257.35,399.89608
3213,49,257.4,399.89608
3214,49,257.4625,393.00132
3215,49,257.5125,393.00132
3216,49,257.5625,393.00132
3217,49,257.6125,393.00132
3218,49,257.6625,393.00132
3219,49,257.7125,393.00132
3220,49,257.7625,393.00132
3221,49,257.8125,393.00132
3222,49,257.875,393.00132
3223,49,257.925,393.00132
3224,49,257.975,393.00132
3225,49,258.025,393.00132
3226,49,258.075,393.00132
3227,49,258.125,393.00132
3228,49,258.175,386.10656
3229,49,258.225,386.10656
3230,49,258.275,386.10656
3231,49,258.3375,386.10656
3232,49,258.3875,386.10656
3233,49,258.4375,386.10656
3234,49,258.4875,386.10656
3235,49,258.5375,386.10656
3236,48,258.5875,386.10656
3237,48,258.6375,386.10656
3238,48,258.6875,386.10656
3239,48,258.7375,386.10656
3240,48,258.7875,386.10656
3241,48,258.8375,379.2118
3242,48,258.8875,379.2118
3243,48,258.95,379.2118
3244,48,259,379.2118
3245,48,259.05,379.2118
3246,48,259.1,379.2118
3247,48,259.15,379.2118
3248,48,259.2,379.2118
3249,48,259.25,379.2118
3250,48,259.3,379.2118
3251,48,259.35,379.2118
3252,48,259.4,372.31704
3253,48,259.45,372.31704
3254,48,259.5,372.31704
3255,48,259.55,372.31704
3256,48,259.6,372.31704
3257,48,259.65,372.31704
3258,48,259.7,372.31704
3259,48,259.75,372.31704
3260,48,259.8,372.31704
3261,48,259.85,372.31704
3262,48,259.9125,372.31704
3263,48,259.9625,365.42228
3264,48,260.0125,365.42228
3265,48,260.0625,365.42228
3266,48,260.1125,365.42228
3267,48,260.1625,365.42228
3268,48,260.2125,365.42228
3269,48,260.2625,365.42228
3270,48,260.3125,365.42228
3271,48,260.3625,365.42228
3272,48,260.4125,365.42228
3273,48,260.4625,365.42228
3274,48,260.5125,365.42228
3275,48,260.5625,365.42228
3276,48,260.6125,358.52752
3277,48,260.6625,358.52752
3278,48,260.7125,358.52752
3279,48,260.7625,358.52752
3280,48,260.8125,358.52752
3281,48,260.8625,358.52752
3282,48,260.9125,358.52752
3283,48,260.9625,358.52752
3284,48,261.0125,358.52752
3285,48,261.0625,358.52752
3286,48,261.1125,358.52752
3287,48,261.1625,358.52752
3288,48,261.2125,358.52752
3289,48,261.2625,358.52752
3290,48,261.3125,351.63276
3291,48,261.3625,351.63276
3292,48,261.4125,351.63276
3293,48,261.4625,351.63276
3294,48,261.5125,351.63276
3295,48,261.5625,351.63276
3296,48,261.6125,351.63276
3297,48,261.6625,351.63276
3298,48,261.725,351.63276
3299,48,261.775,351.63276
3300,48,261.825,351.63276
3301,48,261.875,351.63276
3302,48,261.925,351.63276
3303,48,261.975,351.63276
3304,48,262.025,351.63276
3305,48,262.075,351.63276
3306,48,262.125,351.63276
3307,48,262.175,351.63276
3308,48,262.225,351.63276
3309,48,262.275,351.63276
3310,48,262.325,351.63276
3311,48,262.375,351.63276
3312,48,262.425,351.63276
3313,48,262.475,351.63276
3314,48,262.525,351.63276
3315,48,262.575,351.63276
3316,48,262.625,351.63276
3317,48,262.675,351.63276
3318,48,262.725,351.63276
3319,48,262.775,351.63276
3320,48,262.825,351.63276
3321,48,262.875,351.63276
3322,48,262.925,351.63276
3323,48,262.975,351.63276
3324,48,263.025,351.63276
3325,48,263.075,351.63276
3326,48,263.125,351.63276
3327,48,263.175,351.63276
3328,48,263.225,351.63276
3329,48,263.275,351.63276
3330,48,263.325,351.63276
3331,48,263.375,351.63276
3332,48,263.425,351.63276
3333,48,263.475,351.63276
3334,48,263.5375,351.63276
3335,48,263.5875,351.63276
3336,48,263.6375,351.63276
3337,48,263.6875,351.63276
3338,48,263.7375,351.63276
3339,48,263.7875,351.63276
3340,48,263.8375,351.63276
3341,48,263.8875,351.63276
3342,48,263.9375,351.63276
3343,48,263.9875,351.63276
3344,48,264.0375,351.63276
3345,48,264.0875,351.63276
3346,48,264.1375,351.63276
3347,48,264.1875,351.63276
3348,48,264.2375,351.63276
3349,48,264.2875,351.63276
3350,48,264.3375,351.63276
3351,48,264.3875,351.63276
3352,48,264.4375,351.63276
3353,48,264.4875,351.63276
3354,48,264.55,351.63276
3355,48,264.6,358.52752
3356,48,264.65,358.52752
3357,48,264.7,358.52752
3358,48,264.75,358.52752
3359,48,264.8,358.52752
3360,48,264.85,358.52752
3361,48,264.9,358.52752
3362,49,264.95,358.52752
3363,49,265,358.52752
3364,49,265.05,358.52752
3365,49,265.1,358.52752
3366,49,265.1625,358.52752
3367,49,265.2125,358.52752
3368,49,265.2625,358.52752
3369,49,265.3125,358.52752
3370,49,265.3625,365.42228
3371,49,265.4125,365.42228
3372,49,265.4625,365.42228
3373,49,265.5125,365.42228
3374,49,265.5625,365.42228
3375,49,265.6125,365.42228
3376,49,265.675,365.42228
3377,49,265.725,365.42228
3378,49,265.775,365.42228
3379,49,265.825,365.42228
3380,49,265.875,365.42228
3381,49,265.925,365.42228
3382,49,265.975,372.31704
3383,49,266.025,372.31704
3384,49,266.0875,372.31704
3385,49,266.1375,372.31704
3386,49,266.1875,372.31704
3387,49,266.2375,372.31704
3388,49,266.2875,372.31704
3389,49,266.3375,372.31704
3390,49,266.3875,372.31704
3391,49,266.45,372.31704
3392,49,266.5,372.31704
3393,50,266.55,379.2118
3394,50,266.6,379.2118
3395,50,266.65,379.2118
3396,50,266.7,379.2118
3397,50,266.7625,379.2118
3398,50,266.8125,379.2118
3399,50,266.8625,379.2118
3400,50,266.9125,379.2118
3401,50,266.9625,379.2118
3402,50,267.0125,379.2118
3403,50,267.075,379.2118
3404,50,267.125,379.2118
3405,50,267.175,386.10656
3406,50,267.225,386.10656
3407,50,267.275,386.10656
3408,50,267.325,386.10656
3409,50,267.3875,386.10656
3410,50,267.4375,386.10656
3411,50,267.4875,386.10656
3412,50,267.5375,386.10656
3413,50,267.5875,386.10656
3414,50,267.65,386.10656
3415,50,267.7,386.10656
3416,50,267.75,386.10656
3417,50,267.8,393.00132
3418,50,267.85,393.00132
3419,50,267.9125,393.00132
3420,50,267.9625,393.00132
3421,50,268.0125,393.00132
3422,50,268.0625,393.00132
3423,50,268.125,393.00132
3424,50,268.175,393.00132
3425,51,268.225,393.00132
3426,51,268.275,393.00132
3427,51,268.325,393.00132
3428,51,268.3875,393.00132
3429,51,268.4375,393.00132
3430,51,268.4875,393.00132
3431,51,268.5375,393.00132
3432,51,268.6,399.89608
3433,51,268.65,399.89608
3434,51,268.7,399.89608
3435,51,268.75,399.89608
3436,51,268.8125,399.89608
3437,51,268.8625,399.89608
3438,51,268.9125,399.89608
3439,51,268.9625,399.89608
3440,51,269.025,399.89608
3441,51,269.075,399.89608
3442,51,269.125,399.89608
3443,51,269.175,399.89608
3444,51,269.2375,399.89608
3445,51,269.2875,399.89608
3446,51,269.3375,399.89608
3447,51,269.3875,399.89608
3448,51,269.45,399.89608
3449,51,269.5,399.89608
3450,51,269.55,399.89608
3451,51,269.6,399.89608
3452,51,269.6625,399.89608
3453,51,269.7125,399.89608
3454,51,269.7625,399.89608
3455,51,269.825,399.89608
3456,51,269.875,399.89608
3457,51,269.925,399.89608
3458,51,269.975,399.89608
3459,51,270.0375,399.89608
3460,51,270.0875,399.89608
3461,51,270.1375,399.89608
3462,51,270.1875,399.89608
3463,51,270.25,399.89608
3464,51,270.3,399.89608
3465,51,270.35,399.89608
3466,51,270.4125,399.89608
3467,51,270.4625,399.89608
3468,51,270.5125,399.89608
3469,51,270.5625,399.89608
3470,51,270.625,399.89608
3471,51,270.675,399.89608
3472,51,270.725,399.89608
3473,51,270.7875,399.89608
3474,51,270.8375,399.89608
3475,51,270.8875,399.89608
3476,51,270.9375,399.89608
3477,51,271,399.89608
3478,51,271.05,399.89608
3479,51,271.1,399.89608
3480,51,271.15,399.89608
3481,51,271.2125,399.89608
3482,51,271.2625,399.89608
3483,51,271.3125,399.89608
3484,51,271.375,399.89608
3485,51,271.425,399.89608
3486,51,271.475,399.89608
3487,51,271.525,399.89608
3488,51,271.5875,399.89608
3489,51,271.6375,399.89608
3490,51,271.6875,399.89608
3491,51,271.75,399.89608
3492,51,271.8,399.89608
3493,51,271.85,399.89608
3494,51,271.9,399.89608
3495,51,271.9625,399.89608
3496,51,272.0125,399.89608
3497,51,272.0625,393.00132
3498,51,272.1125,393.00132
3499,51,272.175,393.00132
3500,51,272.225,393.00132
3501,51,272.275,393.00132
3502,51,272.3375,393.00132
3503,51,272.3875,393.00132
3504,51,272.4375,393.00132
3505,51,272.4875,393.00132
3506,51,272.55,393.00132
3507,51,272.6,393.00132
3508,51,272.65,393.00132
3509,51,272.7125,393.00132
3510,51,272.7625,393.00132
3511,51,272.8125,386.10656
3512,51,272.8625,386.10656
3513,51,272.925,386.10656
3514,51,272.975,386.10656
3515,51,273.025,386.10656
3516,51,273.075,386.10656
3517,51,273.1375,386.10656
3518,51,273.1875,386.10656
3519,51,273.2375,386.10656
3520,51,273.3,386.10656
3521,51,273.35,386.10656
3522,51,273.4,386.10656
3523,51,273.45,379.2118
3524,51,273.5125,379.2118
3525,51,273.5625,379.2118
3526,51,273.6125,379.2118
3527,51,273.6625,379.2118
3528,51,273.725,379.2118
3529,51,273.775,379.2118
3530,51,273.825,379.2118
3531,51,273.875,379.2118
3532,51,273.9375,379.2118
3533,51,273.9875,379.2118
3534,51,274.0375,379.2118
3535,51,274.0875,372.31704
3536,51,274.15,372.31704
3537,51,274.2,372.31704
3538,51,274.25,372.31704
3539,51,274.3,372.31704
3540,51,274.3625,372.31704
3541,51,274.4125,372.31704
3542,51,274.4625,372.31704
3543,51,274.5125,372.31704
3544,51,274.575,372.31704
3545,51,274.625,372.31704
3546,51,274.675,365.42228
3547,51,274.725,365.42228
3548,51,274.7875,365.42228
3549,51,274.8375,365.42228
3550,50,274.8875,365.42228
3551,50,274.9375,365.42228
3552,50,274.9875,365.42228
3553,50,275.05,365.42228
3554,50,275.1,365.42228
3555,50,275.15,365.42228
3556,50,275.2,365.42228
3557,50,275.2625,365.42228
3558,50,275.3125,358.52752
3559,50,275.3625,358.52752
3560,50,275.4125,358.52752
3561,50,275.4625,358.52752
3562,50,275.5125,358.52752
3563,50,275.575,358.52752
3564,50,275.625,358.52752
3565,50,275.675,358.52752
3566,50,275.725,358.52752
3567,50,275.775,358.52752
3568,50,275.8375,358.52752
3569,50,275.8875,358.52752
3570,50,275.9375,358.52752
3571,50,275.9875,358.52752
3572,50,276.0375,358.52752
3573,50,276.1,351.63276
3574,50,276.15,351.63276
3575,50,276.2,351.63276
3576,50,276.25,351.63276
3577,50,276.3,351.63276
3578,50,276.35,351.63276
3579,50,276.4125,351.63276
3580,50,276.4625,351.63276
3581,50,276.5125,351.63276
3582,49,276.5625,351.63276
3583,49,276.6125,351.63276
3584,49,276.6625,351.63276
3585,49,276.7125,351.63276
3586,49,276.775,351.63276
3587,49,276.825,351.63276
3588,49,276.875,351.63276
3589,49,276.925,351.63276
3590,49,276.975,351.63276
3591,49,277.025,351.63276
3592,49,277.075,351.63276
3593,49,277.1375,351.63276
3594,49,277.1875,351.63276
3595,49,277.2375,351.63276
3596,49,277.2875,351.63276
3597,49,277.3375,351.63276
3598,49,277.3875,351.63276
3599,49,277.4375,351.63276
3600,49,277.4875,351.63276
